subject,n_win,real_corr,surr_corr_med,real_cov,surr_cov_med,real_nodevar,surr_nodevar_med
766640955,150,0.5300137016534714,0.00792351523355378,0.40605183682617907,0.0043518635127400285,0.38815525907906234,0.3881552590790661
767871931,150,0.7240844973320473,0.0056480776363710405,0.6779668763185613,0.017411207275434826,0.6982164416320145,0.6982164416320149
771160300,150,0.8132601077330115,0.00815126798786664,0.7258976927383078,0.005193897117443058,0.5951124383875941,0.5951124383875939
771990200,150,0.6026344185996606,0.00957213063923229,0.7190231043915003,0.004018386415616582,0.6191549269045267,0.6191549269045276
774875821,150,0.6154118801000107,0.014707105076426474,0.5903558055025073,0.00728754137064741,0.5573098431003864,0.5573098431003858
778240327,150,0.5287450458806711,0.004439807276143848,0.43306831525749123,0.0034380889560743366,0.40978552610725394,0.40978552610725594
778998620,150,0.7601293103680533,0.014277979227682702,0.6503939138183825,0.02609781721600296,0.6741158942483279,0.6741158942483272
779839471,150,0.6568493919419123,0.005399506314230196,0.25661664733828315,0.0019452085609305558,0.47840415146940907,0.47840415146941456
781842082,150,0.8131292093471761,0.0014234620475040982,0.723699894219975,0.005513767552289106,0.7344933220785412,0.734493322078541
787025148,150,0.7010405235792124,0.015027696599557494,0.7350976755947787,0.018437202046596157,0.6449662389462396,0.6449662389462401
789848216,150,0.7201904797440257,0.011273162637542467,0.5585631698521573,0.005803551671612284,0.00035162440887448465,0.00035162440887437363
793224716,150,0.9091707981011178,0.0068161884693047625,0.771335654107265,0.0050050031396841055,0.7111002183804149,0.7111002183804133
794812542,150,0.6975622897336544,0.005118211985677801,0.6362674337268313,0.003486663299705095,0.6918450478550381,0.6918450478550391
816200189,150,0.5994967081412297,0.0039543626685542566,0.3422998665542091,0.002844608171793217,0.29590252418822505,0.2959025241882258
847657808,150,0.6092922611134406,0.0069059073046782715,0.40084309625162595,0.0018690846742132616,0.46734800365184537,0.46734800365184453
