,R2_corr,R2_nodevar
766640955,0.5085744894399715,0.004301943125069382
767871931,0.7331912452330431,0.004237034837630789
771990200,0.8333156889777149,0.5564041979051609
774875821,0.679323503343995,0.11566557689258036
778240327,0.6907196945469724,0.09576131082815798
778998620,0.7783938818652155,0.1659633965334771
781842082,0.8441266890399589,0.25117643142488244
786091066,0.03405164966562698,0.42119627446959157
787025148,0.638951300129958,2.0623782767945106e-05
789848216,0.8735776964021829,0.00213726303806998
794812542,0.6887442740519463,0.339232208766355
829720705,0.07884017423851318,0.3684207461028792
847657808,0.4395739700170887,0.2377928804314876
