mean_sigma,seed,R2_sfa,R2_pca
0.0,0,0.9344748487347421,0.9143105829937225
0.0,1,0.9444193695329494,0.9459510624793234
0.0,2,0.9642802205301566,0.9531462373899052
0.0,3,0.8903238056885941,0.877826745014961
0.0,4,0.7642895285460274,0.7589619351012001
0.0,5,0.8429362370872617,0.8279362842200074
0.0,6,0.9777287851878116,0.9771009586921562
0.0,7,0.9692422987876685,0.9621183385135473
0.0,8,0.869409860839241,0.8360010136736874
0.0,9,0.9332978324300303,0.9301811292643622
0.0,10,0.8746507478719623,0.8588081163937773
0.0,11,0.9311791063459469,0.9116495297163903
0.0,12,0.9327256840479151,0.9238092204869175
0.0,13,0.9426696035506186,0.9331792361170719
0.0,14,0.9024074468252293,0.893837392017901
0.1,0,0.9371063444648412,0.9182665318248534
0.1,1,0.9446766740494876,0.9461081714816356
0.1,2,0.9651184022350767,0.9547845312155537
0.1,3,0.8891219283524264,0.8770230490413561
0.1,4,0.7635852612378669,0.7578784279130819
0.1,5,0.8443475924214148,0.8296974988002959
0.1,6,0.9774886872660127,0.9772703617234106
0.1,7,0.9674544726849307,0.9615611915163927
0.1,8,0.8726707941603056,0.8354714958609477
0.1,9,0.9311072510171363,0.9265468140868113
0.1,10,0.8729281211329744,0.8567285162811094
0.1,11,0.9295766129818421,0.9101388043037407
0.1,12,0.9375256786519144,0.9293307722007644
0.1,13,0.9422894610930875,0.9333878557973427
0.1,14,0.9005708927550854,0.8904997851774419
0.25,0,0.9338317898819046,0.9169647791926288
0.25,1,0.9434978582967148,0.9447123473113236
0.25,2,0.9650666751019573,0.9563315870597654
0.25,3,0.8864265318817305,0.8748228380491686
0.25,4,0.7567363734340241,0.7510669226888776
0.25,5,0.8402131867179765,0.8268074123999862
0.25,6,0.9759658654890058,0.976174135254093
0.25,7,0.9626019316169858,0.9581120493458756
0.25,8,0.869249341196964,0.8265694201752316
0.25,9,0.9235820708858314,0.9167659347265809
0.25,10,0.8672683962869516,0.8515860487636424
0.25,11,0.9226227706710071,0.9038253607067414
0.25,12,0.9399745860879338,0.932025264167957
0.25,13,0.9404322453415417,0.9320582826935804
0.25,14,0.8922211685107643,0.8801540566951404
0.5,0,0.9111631048992302,0.8968783362582068
0.5,1,0.9365566714658748,0.937620350053711
0.5,2,0.9620949960427949,0.956228796532081
0.5,3,0.8814688321956914,0.8702589515234699
0.5,4,0.7253028934499062,0.7236276592192017
0.5,5,0.8200043297248463,0.8096239078355417
0.5,6,0.9702788787282314,0.9704683659110744
0.5,7,0.9486693536033773,0.9453040494550923
0.5,8,0.8427022699464897,0.7935141643578905
0.5,9,0.8981928256628715,0.8884960032815277
0.5,10,0.8481849963365758,0.8355618670155345
0.5,11,0.8979658657203515,0.8815238801059
0.5,12,0.9308704449230727,0.9214862217130876
0.5,13,0.935008143340602,0.9265019895928364
0.5,14,0.8596729414164719,0.845117951806218
0.75,0,0.8678512264779416,0.8549654556928639
0.75,1,0.9217204377347405,0.9231367793219295
0.75,2,0.9551887101653848,0.95158817816488
0.75,3,0.8777423240938593,0.86599856151888
0.75,4,0.6534793339895824,0.665749217769952
0.75,5,0.7875635658888774,0.7805930686697439
0.75,6,0.9606484369292976,0.9600041684446662
0.75,7,0.9262093990190018,0.9231537932225542
0.75,8,0.7922950556047024,0.740820236253241
0.75,9,0.8545263700736743,0.843979746207113
0.75,10,0.8161157371527128,0.8080217926023554
0.75,11,0.8533290392540847,0.8418226716482715
0.75,12,0.9040975780342851,0.892170561563111
0.75,13,0.9269528821223973,0.9177651908824913
0.75,14,0.7938015253023655,0.7760931102343327
1.0,0,0.8049001249337111,0.7916806801806635
1.0,1,0.8957832750496815,0.8981375707733479
1.0,2,0.941462491828351,0.939438803140411
1.0,3,0.8747234356054286,0.861347225218701
1.0,4,0.48230597979937107,0.5340334848739472
1.0,5,0.7440912458856063,0.7412406525699904
1.0,6,0.9466542451208582,0.9447703338555412
1.0,7,0.8936195539922897,0.8904663237173563
1.0,8,0.7153360823737622,0.6682379387517016
1.0,9,0.7924878577959832,0.7817151584668893
1.0,10,0.7709325905737653,0.7681876877042851
1.0,11,0.782745013846288,0.7808102910466899
1.0,12,0.8560178336912132,0.840126792904381
1.0,13,0.9149620824367948,0.9053819934809632
1.0,14,0.6674266884877385,0.646162976916762
1.5,0,0.6370991902833809,0.6196792095853161
1.5,1,0.7818099214598956,0.7880270897708661
1.5,2,0.8581797139746316,0.8619749375089529
1.5,3,0.8458337832292908,0.8275488491420326
1.5,4,0.007434920331258255,0.015312697621489124
1.5,5,0.6073217453136055,0.6234221800932942
1.5,6,0.8981754861721745,0.8939715705530784
1.5,7,0.7933843271094526,0.787421224346624
1.5,8,0.23978961885798233,0.3526765458053217
1.5,9,0.6313493118660702,0.6116125919712423
1.5,10,0.6386607933200867,0.6545671117648642
1.5,11,0.5689239905079886,0.5989549514637338
1.5,12,0.016116617209870898,0.07632989454974781
1.5,13,0.8675087373882059,0.859750154942721
1.5,14,0.2421436961091734,0.23563125131882334
2.0,0,0.46209314253777034,0.44498749171094554
2.0,1,0.4962182861123252,0.5166718183625838
2.0,2,0.1922655021194415,0.2490842085388122
2.0,3,0.008446209708118046,0.12697251487898298
2.0,4,0.0023455590106009616,0.0015001990146590316
2.0,5,0.21459929492910024,0.42403998736767
2.0,6,0.8015482826052621,0.796194934579104
2.0,7,0.6387603369277448,0.6202581129226759
2.0,8,0.036060450984662706,0.03431604899015861
2.0,9,0.4798773702375455,0.4314065131599838
2.0,10,0.16640984484715782,0.1743917111247505
2.0,11,0.36861657325432184,0.4129467334484356
2.0,12,0.00017548524752597494,0.003164780508270071
2.0,13,0.7661418836585299,0.7656706765264988
2.0,14,0.11354480029620306,0.11103782799492545
3.0,0,0.13355269118444602,0.14059180774605207
3.0,1,0.027550141326693645,0.04961203329390551
3.0,2,0.0009469115777995807,3.448889869528404e-05
3.0,3,7.441920576034544e-05,0.0015260345251483232
3.0,4,0.013903714789694543,0.011199562591526102
3.0,5,0.004600355419309143,0.0004547101543233012
3.0,6,0.48033613531715025,0.46635921488222454
3.0,7,0.01466165983179013,0.002456038315098663
3.0,8,0.006371735719457594,0.015465160388311028
3.0,9,0.0013801159322393008,0.015387982386805055
3.0,10,0.05029088442511187,0.054813260252056906
3.0,11,0.1618768935482725,0.1926480830360794
3.0,12,0.004383482832792218,0.00036482880202326484
3.0,13,0.009346877389569852,0.04405503949025458
3.0,14,0.07705976266437065,0.08046941088877091
