cv,seed,sigma_min,sigma_max,R2_sfa,R2_pca
0.0,0,2.0,2.0,0.018443578625878976,0.018199496439249896
0.0,1,2.0,2.0,0.3435730270913625,0.3853257233293442
0.0,2,2.0,2.0,0.6943885314676261,0.6975639351685727
0.0,3,2.0,2.0,0.5666888483741204,0.5842362911047099
0.0,4,2.0,2.0,0.196908931693081,0.20509705704385617
0.0,5,2.0,2.0,0.040833416761096086,0.04893844132409442
0.0,6,2.0,2.0,0.7775727008277116,0.7755954166405903
0.0,7,2.0,2.0,0.08513724519757826,0.10666536964691697
0.0,8,2.0,2.0,0.34807134160174213,0.36684914286892945
0.0,9,2.0,2.0,0.23662549377344655,0.25259853003896626
0.0,10,2.0,2.0,0.12001176833715044,0.11772182887556182
0.0,11,2.0,2.0,0.4547635051649679,0.5068084021000615
0.0,12,2.0,2.0,0.142204626538038,0.18251691490519462
0.0,13,2.0,2.0,0.5633262133455115,0.6192731589084082
0.0,14,2.0,2.0,0.5231339182706818,0.5820541483586908
0.25,0,1.809597899552907,2.7011113853050595,0.12646119439585146,0.12170724142121181
0.25,1,1.419729811252513,2.9874782309695984,0.5327816770443495,0.5531098110659722
0.25,2,1.4188120952711338,2.4881993353382255,0.7683218345300871,0.7817859395591797
0.25,3,1.7925335568661758,3.0814750064479015,0.27350841267118786,0.2580027382473761
0.25,4,1.4648601148500218,2.3145317609805818,0.0002505383874989997,0.000853200123667408
0.25,5,1.912411918365901,2.5942774373276816,0.02860150810705875,0.0279186859046906
0.25,6,1.293270534328747,2.880501268599235,0.7279498863309619,0.745805533717077
0.25,7,1.4971095776276369,2.616335209838531,0.46085080379287946,0.49423368494578057
0.25,8,1.5515878161887433,2.688437525281746,0.21950933999012745,0.2280674523655546
0.25,9,1.2471066140263765,2.5923471180875293,0.6774896821556607,0.6734925035610378
0.25,10,1.6044415106781769,3.6388378524038885,0.32508574254007894,0.3539442094065881
0.25,11,1.5231076887237038,2.738281198852477,0.03927197090840295,0.04816963229884508
0.25,12,1.3436863685557445,2.4843970956468504,0.2569296513310486,0.31369682431066814
0.25,13,1.593383355812928,2.4240097128785614,0.5908631774690758,0.6046612116383259
0.25,14,1.4436082938754897,2.676755221383609,0.5408183243024101,0.45784142619315593
0.5,0,1.5648597571022391,3.3746051181432377,0.19632016712689615,0.19506710447519504
0.5,1,0.9824446963481097,4.0943218477600665,0.7454696414193365,0.7673796340601532
0.5,2,0.9812266904120738,2.882793037359535,0.8151973056755587,0.8128930351721861
0.5,3,1.536671700399983,4.345038548171259,0.2707077495631548,0.24632563652230488
0.5,4,1.0432340334672294,2.5091666009155826,0.08186839283544411,0.1382200369946721
0.5,5,1.7398780549262836,3.123192359577402,0.02790354804318551,0.029351177052753252
0.5,6,0.8214412511247259,3.8176745438704147,0.7836231698693397,0.7935059550444343
0.5,7,1.0877424535628781,3.1743374309961836,0.5970916528712562,0.6286495257558532
0.5,8,1.1649490129527698,3.344292738567496,0.24369359724195394,0.2544671170732128
0.5,9,0.7661098443913843,3.118735482391795,0.7849984327260556,0.7806395667873502
0.5,10,1.2422720892787453,5.977491623827294,0.44268264593988094,0.459157291394501
0.5,11,1.124270818397315,3.46425991658143,0.1761907614185585,0.2091618381751843
0.5,12,0.883975848018338,2.874347437025376,0.4489359713239177,0.45205185917003865
0.5,13,1.2258976654582094,2.7418054452673553,0.7444093082058745,0.7360201001611693
0.5,14,1.0143907361273068,3.3164678901942195,0.5688704721678816,0.5163205657507877
1.0,0,1.117162966264615,4.328475525351771,0.43176459114896204,0.45689358825362114
1.0,1,0.4918171567471059,6.085689872789663,0.8955375284388061,0.9057939848896793
1.0,2,0.4907430184691969,3.279182644728664,0.886528723618335,0.8805245666957154
1.0,3,1.0819396840094082,6.757747514903247,0.5113698939109368,0.5473769941130942
1.0,4,0.5467106682672819,2.567539960478155,0.5309639517373541,0.5376815719013575
1.0,5,1.3466861754146056,3.7763603960266896,0.030435335490300197,0.03434614361827437
1.0,6,0.35876033814621666,5.379732733201081,0.8389540537297477,0.8462291469011358
1.0,7,0.5884862278459648,3.8860330763645425,0.7974007402973073,0.8085838034026789
1.0,8,0.6640854985550508,4.260184792614659,0.3746186683845113,0.3884362694440634
1.0,9,0.317268784343823,3.76686770013392,0.8414917803950921,0.840177484983292
1.0,10,0.7437278881796806,11.856269494791647,0.64110554586411,0.6418274977887726
1.0,11,0.6237615774189581,4.533201806550397,0.5768007291356692,0.5790009797034845
1.0,12,0.4082850001628497,3.2622697561027008,0.6826453876670784,0.6877526325547809
1.0,13,0.72653717952767,3.00182037552462,0.8736313934494714,0.8655700480622258
1.0,14,0.5203516542169924,4.197912209536298,0.6892047977581766,0.6567372440318487
2.0,0,0.6244698820440695,4.918484970784747,0.7467643734832222,0.7500957278716744
2.0,1,0.17888192136531839,8.266345713777595,0.9368662726372602,0.9403473311926983
2.0,2,0.17828694626996094,3.2218793683031324,0.9431848859234306,0.9382027347141424
2.0,3,0.5947169430873885,9.696922437705433,0.7646688572634371,0.7763584958959098
2.0,4,0.2101795150862415,2.2192657359596497,0.7168896158454907,0.7003818060485492
2.0,5,0.8301692642899212,3.9951158007954786,0.027152046011405306,0.024791117951515007
2.0,6,0.11061364850682882,6.850402574376752,0.8842416020540774,0.8889138725426541
2.0,7,0.2351360456647424,4.173252960254999,0.8863653831593044,0.8822255320825408
2.0,8,0.28268274291266887,4.800729847483608,0.6119051143667504,0.6236063029621007
2.0,9,0.09172197430819083,3.9798231147340797,0.8778608967088567,0.8744511363464695
2.0,10,0.33593442191167244,22.838137240857858,0.7425576371684584,0.745989270767238
2.0,11,0.2569473157371738,5.277325655645498,0.6949731693254426,0.6881387908415051
2.0,12,0.13470480739205584,3.1965923084522765,0.8443106793981493,0.8486287438838089
2.0,13,0.3241742997315685,2.8159499707397733,0.9196498973320792,0.9155263150407553
2.0,14,0.19493462172796092,4.694210021620771,0.7828570912997912,0.757473490296066
4.0,0,0.30114918520391926,4.6559770182505575,0.8506484513876232,0.8283364477078216
4.0,1,0.05733331814209318,9.272110705907377,0.9448521376673389,0.9451037794534204
4.0,2,0.05708044327123758,2.656134301219935,0.9607783766260134,0.9555171566960463
4.0,3,0.28226182763662877,11.45914557443026,0.8359452965364398,0.8412589830817405
4.0,4,0.07100913223086845,1.6197299245583914,0.7633597004091163,0.749568434830924
4.0,5,0.43938602498935875,3.533450208308229,0.545937425153544,0.5705905593572612
4.0,6,0.030299062402167815,7.226297169080527,0.9175598281396081,0.9211612586805389
4.0,7,0.08240758224031444,3.743996898292156,0.9144912189418157,0.9103870109103793
4.0,8,0.10521654420205939,4.508660885860139,0.7659943191956227,0.7656035185433355
4.0,9,0.02363274738389983,3.5155159280212547,0.9013769671498771,0.8952565807605624
4.0,10,0.13229210696965707,35.707052232969005,0.7689987320271422,0.7748254379113495
4.0,11,0.0927004048200988,5.111960337220062,0.7263394707469756,0.7150775028635672
4.0,12,0.03935215373055377,2.628510507185917,0.8937850634915062,0.8940362585801674
4.0,13,0.12618293203869083,2.221536900321326,0.9384346737555279,0.9337464385776556
4.0,14,0.06425786225446589,4.376413238108292,0.8278226835087789,0.8073129142608063
6.0,0,0.19196079844635475,4.22450332132715,0.8680651600963761,0.8398090451529758
6.0,1,0.029509102350523942,9.194260695221693,0.9447262501831653,0.9445496710794196
6.0,2,0.029362209689015997,2.2417408893773056,0.9627789517167964,0.9571650417905134
6.0,3,0.17842516412271842,11.677479591419063,0.8537251220460673,0.856500954294279
6.0,4,0.03757008376453922,1.2825717346566168,0.7747425162960776,0.7618019111826886
6.0,5,0.29405654882721055,3.093967807805955,0.6752375067686512,0.6604189166306076
6.0,6,0.014363682637419382,6.938971353039502,0.933835611285999,0.9369278841595075
6.0,7,0.044445848303946045,3.3028837277064107,0.9254255566634535,0.9219352602051883
6.0,8,0.05856394198790921,4.073915704927352,0.8024981732931817,0.7969100302993454
6.0,9,0.01085017497122689,3.0762452012147095,0.9100155771261424,0.9029638529998126
6.0,10,0.07584078755934869,42.13021920262595,0.7804195493608157,0.7856615374495213
6.0,11,0.05076169685206745,4.6944430828176245,0.7377223464656246,0.7238155471118537
6.0,12,0.019294981986350063,2.2154384688087205,0.9066187663824063,0.9051593853151909
6.0,13,0.07189886584121803,1.8322467637623308,0.9441928205427045,0.9380833412768912
6.0,14,0.0335629388861713,3.93927000948259,0.8433119574682707,0.824448362079935
8.0,0,0.13908561808383546,3.861894854119262,0.8747000319274928,0.843572731773701
8.0,1,0.018572578209784106,8.911243704367386,0.9436026244141859,0.9435794470995661
8.0,2,0.018473192843301543,1.9539662195476282,0.9631510631555232,0.9572159844720374
8.0,3,0.12856946324534158,11.523340044182508,0.8625018594122864,0.8637041801764852
8.0,4,0.024079383299646352,1.071958662668399,0.7781482063428837,0.7660090729331277
8.0,5,0.2200027819739202,2.762928242160654,0.7093125660300641,0.6967500959097235
8.0,6,0.008563849121175205,6.584549113758676,0.9439090514535854,0.9465289343781347
8.0,7,0.028848475351212828,2.964018902778726,0.9313376628910828,0.9280855111755737
8.0,8,0.03880881279789253,3.714081847658893,0.8162951663433894,0.8084725301877063
8.0,9,0.006334012469394919,2.7459154629684277,0.9141936222500199,0.9068121099724097
8.0,10,0.05124427029039561,45.78523370937952,0.7890048044389273,0.7932171408136797
8.0,11,0.03327874698030683,4.325670834776435,0.7452846017078119,0.7297514633563011
8.0,12,0.011762132702770151,1.9293272470131133,0.9134841334942909,0.9110460727201402
8.0,13,0.04838618930634207,1.572998613038561,0.946562024775409,0.9392277905124363
8.0,14,0.02132946313024593,3.582264106310443,0.8516242493514623,0.833635199916009
