factor,target_fs,edge_win,subject,feature,method,R2,abs_r,infeasible
1,1250.0,30011,766640955,edges-corr,sfa,0.6732825181935909,0.8205379443959864,False
1,1250.0,30011,766640955,edges-corr,pca,0.4692612067404667,0.6850264277679122,False
1,1250.0,30011,766640955,edges-cov,sfa,0.47454552631881064,0.6888726488392544,False
1,1250.0,30011,766640955,edges-cov,pca,0.2668236162501997,0.5165497229214238,False
1,1250.0,30011,766640955,node-var,sfa,0.4168869178324367,0.6456678076475834,False
1,1250.0,30011,766640955,node-var,pca,0.17206910661390545,0.41481213412086376,False
1,1250.0,30011,766640955,node-delta,sfa,0.3284626723342063,0.573116630655756,False
1,1250.0,30011,766640955,node-delta,pca,0.36783506986688774,0.6064940806528022,False
1,1250.0,30011,766640955,node-theta,sfa,0.6701622919984087,0.81863440680099,False
1,1250.0,30011,766640955,node-theta,pca,0.11319418277595865,0.33644343176224834,False
1,1250.0,30011,766640955,node-beta,sfa,0.2787672155251909,0.5279841053717346,False
1,1250.0,30011,766640955,node-beta,pca,0.1507423743937657,0.3882555529464655,False
1,1250.0,30011,766640955,node-gamma,sfa,0.9004175401874873,0.9489033355339664,False
1,1250.0,30011,766640955,node-gamma,pca,0.8930429620215667,0.9450095036673265,False
1,1250.0,30011,767871931,edges-corr,sfa,0.756109615699126,0.8695456375022107,False
1,1250.0,30011,767871931,edges-corr,pca,0.75180700596469,0.867068051518847,False
1,1250.0,30011,767871931,edges-cov,sfa,0.7081199204007593,0.8414986158044226,False
1,1250.0,30011,767871931,edges-cov,pca,0.6760966421618658,0.8222509605721758,False
1,1250.0,30011,767871931,node-var,sfa,0.7106627947441204,0.843008181896309,False
1,1250.0,30011,767871931,node-var,pca,0.6188347249231055,0.7866604889805421,False
1,1250.0,30011,767871931,node-delta,sfa,0.7169496820498885,0.8467288125780819,False
1,1250.0,30011,767871931,node-delta,pca,0.72312381888028,0.8503668731084719,False
1,1250.0,30011,767871931,node-theta,sfa,0.7481124994657794,0.864934968344892,False
1,1250.0,30011,767871931,node-theta,pca,0.5709211820849707,0.7555932649812137,False
1,1250.0,30011,767871931,node-beta,sfa,0.4779169317980889,0.6913153634905628,False
1,1250.0,30011,767871931,node-beta,pca,0.43109880572986875,0.6565811493866305,False
1,1250.0,30011,767871931,node-gamma,sfa,0.4870139320988646,0.6978638349268893,False
1,1250.0,30011,767871931,node-gamma,pca,0.4278688608049747,0.6541168556190665,False
1,1250.0,30011,771160300,edges-corr,sfa,0.8984342883145584,0.9478577363267963,False
1,1250.0,30011,771160300,edges-corr,pca,0.8976784137909697,0.947458924593024,False
1,1250.0,30011,771160300,edges-cov,sfa,0.49045740049521613,0.7003266384303942,False
1,1250.0,30011,771160300,edges-cov,pca,0.48711730611134463,0.697937895597699,False
1,1250.0,30011,771160300,node-var,sfa,0.5052436711529847,0.7108049459260851,False
1,1250.0,30011,771160300,node-var,pca,0.4934596809756055,0.7024668540049456,False
1,1250.0,30011,771160300,node-delta,sfa,0.49817059241917283,0.7058120092625039,False
1,1250.0,30011,771160300,node-delta,pca,0.47767585231949067,0.6911409786139805,False
1,1250.0,30011,771160300,node-theta,sfa,0.675191472925751,0.821700354707086,False
1,1250.0,30011,771160300,node-theta,pca,0.44147383179196437,0.6644349718309267,False
1,1250.0,30011,771160300,node-beta,sfa,0.6350962387373873,0.7969292557921231,False
1,1250.0,30011,771160300,node-beta,pca,0.5960550719239713,0.772046029666607,False
1,1250.0,30011,771160300,node-gamma,sfa,0.8973207807354777,0.9472701730422413,False
1,1250.0,30011,771160300,node-gamma,pca,0.880142961752743,0.9381593477404268,False
1,1250.0,30011,771990200,edges-corr,sfa,0.8010470060051362,0.895012293773184,False
1,1250.0,30011,771990200,edges-corr,pca,0.8600043777002117,0.9273642098443371,False
1,1250.0,30011,771990200,edges-cov,sfa,0.8523584746969468,0.92323262220144,False
1,1250.0,30011,771990200,edges-cov,pca,0.5779916821749613,0.7602576419707738,False
1,1250.0,30011,771990200,node-var,sfa,0.520975272334923,0.7217861680130224,False
1,1250.0,30011,771990200,node-var,pca,0.4639474869448041,0.6811369076366396,False
1,1250.0,30011,771990200,node-delta,sfa,0.6910689520433102,0.8313055708001181,False
1,1250.0,30011,771990200,node-delta,pca,0.7099447242536896,0.8425821765582806,False
1,1250.0,30011,771990200,node-theta,sfa,0.6484149556327685,0.8052421720406654,False
1,1250.0,30011,771990200,node-theta,pca,0.05506098116020353,0.2346507642438088,False
1,1250.0,30011,771990200,node-beta,sfa,0.47099926124866887,0.686293859253213,False
1,1250.0,30011,771990200,node-beta,pca,0.48424011708314263,0.695873635858654,False
1,1250.0,30011,771990200,node-gamma,sfa,0.8814443747598335,0.9388526906601661,False
1,1250.0,30011,771990200,node-gamma,pca,0.8489895456654263,0.9214062869686891,False
1,1250.0,30011,774875821,edges-corr,sfa,0.7430575441532663,0.862007856201593,False
1,1250.0,30011,774875821,edges-corr,pca,0.5389289307939591,0.7341177908169499,False
1,1250.0,30011,774875821,edges-cov,sfa,0.5987330118876186,0.7737783997292885,False
1,1250.0,30011,774875821,edges-cov,pca,0.5011350898506195,0.7079089559050793,False
1,1250.0,30011,774875821,node-var,sfa,0.5958502410294709,0.7719133636811005,False
1,1250.0,30011,774875821,node-var,pca,0.523391158297663,0.7234577792087545,False
1,1250.0,30011,774875821,node-delta,sfa,0.5977414808570092,0.773137426889301,False
1,1250.0,30011,774875821,node-delta,pca,0.5796585977955796,0.7613531360647171,False
1,1250.0,30011,774875821,node-theta,sfa,0.6189999408617519,0.7867654929276906,False
1,1250.0,30011,774875821,node-theta,pca,0.40937406139887544,0.6398234611194524,False
1,1250.0,30011,774875821,node-beta,sfa,0.6494237266103211,0.8058683059969048,False
1,1250.0,30011,774875821,node-beta,pca,0.5915672704899052,0.7691341043601598,False
1,1250.0,30011,774875821,node-gamma,sfa,0.8773481263503802,0.9366686320948194,False
1,1250.0,30011,774875821,node-gamma,pca,0.8701320312797964,0.932808678818865,False
1,1250.0,30011,778240327,edges-corr,sfa,0.7981953132494136,0.8934177708381525,False
1,1250.0,30011,778240327,edges-corr,pca,0.6893720978435596,0.8302843475843439,False
1,1250.0,30011,778240327,edges-cov,sfa,0.7824816540547636,0.8845799308455757,False
1,1250.0,30011,778240327,edges-cov,pca,0.7001228987765795,0.8367334693775429,False
1,1250.0,30011,778240327,node-var,sfa,0.7350448273314619,0.8573475534061212,False
1,1250.0,30011,778240327,node-var,pca,0.7009490865477566,0.8372270221079564,False
1,1250.0,30011,778240327,node-delta,sfa,0.8009155857037219,0.894938872607354,False
1,1250.0,30011,778240327,node-delta,pca,0.7837760327235472,0.8853112631857494,False
1,1250.0,30011,778240327,node-theta,sfa,0.7195664964329265,0.8482726545356313,False
1,1250.0,30011,778240327,node-theta,pca,0.6622435258034034,0.8137834637072711,False
1,1250.0,30011,778240327,node-beta,sfa,0.8193986354317415,0.9052064048777724,False
1,1250.0,30011,778240327,node-beta,pca,0.8121106364308468,0.9011718129362718,False
1,1250.0,30011,778240327,node-gamma,sfa,0.1934982779575538,0.43988439158209947,False
1,1250.0,30011,778240327,node-gamma,pca,0.13929216076607417,0.3732186500780396,False
1,1250.0,30011,778998620,edges-corr,sfa,0.8750644511852739,0.9354487966667517,False
1,1250.0,30011,778998620,edges-corr,pca,0.8388993508974234,0.9159144888565872,False
1,1250.0,30011,778998620,edges-cov,sfa,0.4821154631195237,0.6943453485978888,False
1,1250.0,30011,778998620,edges-cov,pca,0.5164093587295497,0.7186162805903786,False
1,1250.0,30011,778998620,node-var,sfa,0.541631832650163,0.7359564067593698,False
1,1250.0,30011,778998620,node-var,pca,0.42984242060381894,0.6556236882570816,False
1,1250.0,30011,778998620,node-delta,sfa,0.5911076307921398,0.768835242943597,False
1,1250.0,30011,778998620,node-delta,pca,0.5109349070601241,0.7147971090177436,False
1,1250.0,30011,778998620,node-theta,sfa,0.7984391268430028,0.893554210354919,False
1,1250.0,30011,778998620,node-theta,pca,0.058501597513875035,0.24187103487990255,False
1,1250.0,30011,778998620,node-beta,sfa,0.23758313677504544,0.48742500630870944,False
1,1250.0,30011,778998620,node-beta,pca,0.16689468589121503,0.40852746038817883,False
1,1250.0,30011,778998620,node-gamma,sfa,0.8223329906170879,0.9068257774330678,False
1,1250.0,30011,778998620,node-gamma,pca,0.8043106552142009,0.8968336831398567,False
1,1250.0,30011,779839471,edges-corr,sfa,0.6671116761998933,0.8167690470383249,False
1,1250.0,30011,779839471,edges-corr,pca,0.6041311575874332,0.7772587455843988,False
1,1250.0,30011,779839471,edges-cov,sfa,0.3888503764274912,0.6235786850330046,False
1,1250.0,30011,779839471,edges-cov,pca,0.4006376202879018,0.632959414408145,False
1,1250.0,30011,779839471,node-var,sfa,0.4126627965018136,0.6423883533360591,False
1,1250.0,30011,779839471,node-var,pca,0.40133300862325944,0.6335084913584501,False
1,1250.0,30011,779839471,node-delta,sfa,0.3821268429684503,0.618164090649441,False
1,1250.0,30011,779839471,node-delta,pca,0.3458495487122198,0.5880897454574597,False
1,1250.0,30011,779839471,node-theta,sfa,0.4347829295616544,0.659380716704435,False
1,1250.0,30011,779839471,node-theta,pca,0.45896208414118733,0.6774674044861401,False
1,1250.0,30011,779839471,node-beta,sfa,0.4855342404178804,0.6968028705580083,False
1,1250.0,30011,779839471,node-beta,pca,0.49246893010387427,0.7017613056473506,False
1,1250.0,30011,779839471,node-gamma,sfa,0.8044840867594755,0.8969303689581903,False
1,1250.0,30011,779839471,node-gamma,pca,0.6845093661631968,0.8273508120278826,False
2,625.0,15005,766640955,edges-corr,sfa,0.6724970538653697,0.8200591770508819,False
2,625.0,15005,766640955,edges-corr,pca,0.467083800630449,0.6834352936675491,False
2,625.0,15005,766640955,edges-cov,sfa,0.4729129839975058,0.6876866902867219,False
2,625.0,15005,766640955,edges-cov,pca,0.2684384668092994,0.5181104774170268,False
2,625.0,15005,766640955,node-var,sfa,0.4202708506770633,0.6482830019960907,False
2,625.0,15005,766640955,node-var,pca,0.17644946883090182,0.42005888733712304,False
2,625.0,15005,766640955,node-delta,sfa,0.3304533355432761,0.5748507071781995,False
2,625.0,15005,766640955,node-delta,pca,0.3678288969729007,0.6064889916337317,False
2,625.0,15005,766640955,node-theta,sfa,0.670144723157892,0.8186236761527802,False
2,625.0,15005,766640955,node-theta,pca,0.11321380498183992,0.33647259172455624,False
2,625.0,15005,766640955,node-beta,sfa,0.2790547010555692,0.5282562834984258,False
2,625.0,15005,766640955,node-beta,pca,0.15106930389704737,0.3886763485176933,False
2,625.0,15005,766640955,node-gamma,sfa,0.9003324903948899,0.9488585196934736,False
2,625.0,15005,766640955,node-gamma,pca,0.8929579710022684,0.9449645342563224,False
2,625.0,15005,767871931,edges-corr,sfa,0.7559768975467116,0.8694693194970778,False
2,625.0,15005,767871931,edges-corr,pca,0.7511166229235633,0.8666698465526324,False
2,625.0,15005,767871931,edges-cov,sfa,0.7077886262323085,0.8413017450548338,False
2,625.0,15005,767871931,edges-cov,pca,0.6761503818383705,0.8222836383136725,False
2,625.0,15005,767871931,node-var,sfa,0.7110918472162869,0.8432626205496642,False
2,625.0,15005,767871931,node-var,pca,0.619547275016951,0.7871132542505881,False
2,625.0,15005,767871931,node-delta,sfa,0.717109063311451,0.8468229232321542,False
2,625.0,15005,767871931,node-delta,pca,0.7231207709861442,0.8503650810011805,False
2,625.0,15005,767871931,node-theta,sfa,0.748096057535169,0.8649254635719594,False
2,625.0,15005,767871931,node-theta,pca,0.5709266075090061,0.7555968551476416,False
2,625.0,15005,767871931,node-beta,sfa,0.4782800660400079,0.691577953697201,False
2,625.0,15005,767871931,node-beta,pca,0.43136656494489817,0.6567850218640024,False
2,625.0,15005,767871931,node-gamma,sfa,0.48625619809739457,0.6973207282860553,False
2,625.0,15005,767871931,node-gamma,pca,0.42708490031812035,0.653517329776434,False
2,625.0,15005,771160300,edges-corr,sfa,0.8968985024178546,0.9470472545854587,False
2,625.0,15005,771160300,edges-corr,pca,0.8982326446059055,0.947751362228462,False
2,625.0,15005,771160300,edges-cov,sfa,0.4909230046629488,0.7006589788641467,False
2,625.0,15005,771160300,edges-cov,pca,0.48761210681043116,0.6982922789279795,False
2,625.0,15005,771160300,node-var,sfa,0.506625254240403,0.7117761264895044,False
2,625.0,15005,771160300,node-var,pca,0.49437931419174463,0.7031211234145541,False
2,625.0,15005,771160300,node-delta,sfa,0.49815358173553737,0.7057999587245223,False
2,625.0,15005,771160300,node-delta,pca,0.4776738261626483,0.6911395128066752,False
2,625.0,15005,771160300,node-theta,sfa,0.6751805726620648,0.8216937219317577,False
2,625.0,15005,771160300,node-theta,pca,0.44147690356228414,0.6644372833927098,False
2,625.0,15005,771160300,node-beta,sfa,0.6352995537637686,0.7970568071121208,False
2,625.0,15005,771160300,node-beta,pca,0.5962466338219518,0.772170080890183,False
2,625.0,15005,771160300,node-gamma,sfa,0.8972915572586182,0.9472547478152951,False
2,625.0,15005,771160300,node-gamma,pca,0.8800153008555041,0.9380913073126219,False
2,625.0,15005,771990200,edges-corr,sfa,0.8005147647777371,0.8947149069830775,False
2,625.0,15005,771990200,edges-corr,pca,0.8595973408383382,0.9271447248614092,False
2,625.0,15005,771990200,edges-cov,sfa,0.8512065944575085,0.9226085813916476,False
2,625.0,15005,771990200,edges-cov,pca,0.5789233933350065,0.7608701553714711,False
2,625.0,15005,771990200,node-var,sfa,0.5234401046111993,0.7234916064552507,False
2,625.0,15005,771990200,node-var,pca,0.4669183094816865,0.683314209922263,False
2,625.0,15005,771990200,node-delta,sfa,0.6891011104510558,0.8301211420335323,False
2,625.0,15005,771990200,node-delta,pca,0.7099376374016868,0.8425779711110936,False
2,625.0,15005,771990200,node-theta,sfa,0.648410363948406,0.8052393209154692,False
2,625.0,15005,771990200,node-theta,pca,0.05509786282981299,0.2347293395164162,False
2,625.0,15005,771990200,node-beta,sfa,0.47134015843093374,0.6865421752747123,False
2,625.0,15005,771990200,node-beta,pca,0.48439527819529465,0.6959851134868437,False
2,625.0,15005,771990200,node-gamma,sfa,0.8811746525847418,0.9387090351033923,False
2,625.0,15005,771990200,node-gamma,pca,0.8487893854277907,0.9212976638566879,False
2,625.0,15005,774875821,edges-corr,sfa,0.7457617617663173,0.8635749890810394,False
2,625.0,15005,774875821,edges-corr,pca,0.5392888112151842,0.7343628607270279,False
2,625.0,15005,774875821,edges-cov,sfa,0.600294434517627,0.774786702594738,False
2,625.0,15005,774875821,edges-cov,pca,0.5017905658330432,0.7083717709176751,False
2,625.0,15005,774875821,node-var,sfa,0.5962530404271319,0.7721742293207744,False
2,625.0,15005,774875821,node-var,pca,0.5243543231996742,0.7241231409088335,False
2,625.0,15005,774875821,node-delta,sfa,0.5977655412711758,0.773152986976818,False
2,625.0,15005,774875821,node-delta,pca,0.5796540060721843,0.761350120557017,False
2,625.0,15005,774875821,node-theta,sfa,0.619026337034355,0.7867822678698059,False
2,625.0,15005,774875821,node-theta,pca,0.4093723258925793,0.6398221048796137,False
2,625.0,15005,774875821,node-beta,sfa,0.6495450272876455,0.8059435633390502,False
2,625.0,15005,774875821,node-beta,pca,0.5916960313874522,0.7692178049079806,False
2,625.0,15005,774875821,node-gamma,sfa,0.8772086736988325,0.9365941883755379,False
2,625.0,15005,774875821,node-gamma,pca,0.869932284107858,0.9327016050741298,False
2,625.0,15005,778240327,edges-corr,sfa,0.7983033626503957,0.8934782384873152,False
2,625.0,15005,778240327,edges-corr,pca,0.6885652295047422,0.8297983065207727,False
2,625.0,15005,778240327,edges-cov,sfa,0.7822272931477905,0.8844361441889349,False
2,625.0,15005,778240327,edges-cov,pca,0.6995823782313517,0.8364104125555538,False
2,625.0,15005,778240327,node-var,sfa,0.7380041284845575,0.8590716666754629,False
2,625.0,15005,778240327,node-var,pca,0.7014555661066474,0.8375294419342209,False
2,625.0,15005,778240327,node-delta,sfa,0.8009100810920492,0.8949357971899712,False
2,625.0,15005,778240327,node-delta,pca,0.7837729348870768,0.8853095136092669,False
2,625.0,15005,778240327,node-theta,sfa,0.7195379442288217,0.8482558247538425,False
2,625.0,15005,778240327,node-theta,pca,0.6622410537536859,0.813781944843756,False
2,625.0,15005,778240327,node-beta,sfa,0.8194040412271698,0.9052093908191462,False
2,625.0,15005,778240327,node-beta,pca,0.8121165334031238,0.9011750847660647,False
2,625.0,15005,778240327,node-gamma,sfa,0.19526240263203948,0.441885055904858,False
2,625.0,15005,778240327,node-gamma,pca,0.14034012571203772,0.374619975057441,False
2,625.0,15005,778998620,edges-corr,sfa,0.8749809887010702,0.9354041846715623,False
2,625.0,15005,778998620,edges-corr,pca,0.8388182226824055,0.9158701996912038,False
2,625.0,15005,778998620,edges-cov,sfa,0.4822670638628685,0.6944545081305675,False
2,625.0,15005,778998620,edges-cov,pca,0.5166927034783867,0.7188133996235648,False
2,625.0,15005,778998620,node-var,sfa,0.5424199479440157,0.7364916482513673,False
2,625.0,15005,778998620,node-var,pca,0.43063302676782533,0.6562263533018354,False
2,625.0,15005,778998620,node-delta,sfa,0.5910571221696764,0.7688023947476207,False
2,625.0,15005,778998620,node-delta,pca,0.5109341510182561,0.7147965801668724,False
2,625.0,15005,778998620,node-theta,sfa,0.7986233065320548,0.8936572645774524,False
2,625.0,15005,778998620,node-theta,pca,0.05851886088747714,0.24190671939298655,False
2,625.0,15005,778998620,node-beta,sfa,0.2379068951792586,0.4877570042339306,False
2,625.0,15005,778998620,node-beta,pca,0.1671286042730269,0.40881365470471615,False
2,625.0,15005,778998620,node-gamma,sfa,0.8222126183455383,0.9067594048839738,False
2,625.0,15005,778998620,node-gamma,pca,0.8041782676601866,0.8967598717941089,False
2,625.0,15005,779839471,edges-corr,sfa,0.6679656898754762,0.8172916798031632,False
2,625.0,15005,779839471,edges-corr,pca,0.6051693192435204,0.7779262942229941,False
2,625.0,15005,779839471,edges-cov,sfa,0.389405881184213,0.6240239427972399,False
2,625.0,15005,779839471,edges-cov,pca,0.4009846110518868,0.6332334569903005,False
2,625.0,15005,779839471,node-var,sfa,0.413157884917628,0.6427735876011303,False
2,625.0,15005,779839471,node-var,pca,0.40181690988840857,0.6338902979920173,False
2,625.0,15005,779839471,node-delta,sfa,0.3822092674459048,0.6182307558233453,False
2,625.0,15005,779839471,node-delta,pca,0.3458448225617732,0.5880857272216128,False
2,625.0,15005,779839471,node-theta,sfa,0.43477618812786,0.6593756047412279,False
2,625.0,15005,779839471,node-theta,pca,0.45896152637235726,0.6774669928286966,False
2,625.0,15005,779839471,node-beta,sfa,0.48560509262970375,0.6968537096333087,False
2,625.0,15005,779839471,node-beta,pca,0.49253353804814576,0.7018073368440556,False
2,625.0,15005,779839471,node-gamma,sfa,0.8043698975170156,0.8968667111210091,False
2,625.0,15005,779839471,node-gamma,pca,0.6843411323900526,0.8272491356236358,False
5,250.0,6003,766640955,edges-corr,sfa,0.666430985362348,0.8163522434356066,False
5,250.0,6003,766640955,edges-corr,pca,0.4587711351204345,0.6773264612581104,False
5,250.0,6003,766640955,edges-cov,sfa,0.465279307050935,0.682113851971161,False
5,250.0,6003,766640955,edges-cov,pca,0.2775666887717997,0.5268459820211213,False
5,250.0,6003,766640955,node-var,sfa,0.4293877854628551,0.6552768769480998,False
5,250.0,6003,766640955,node-var,pca,0.1979223597659849,0.4448846589465464,False
5,250.0,6003,766640955,node-delta,sfa,0.3393494454347836,0.5825370764464556,False
5,250.0,6003,766640955,node-delta,pca,0.36784604373595664,0.6065031275566158,False
5,250.0,6003,766640955,node-theta,sfa,0.6699887398091676,0.8185283989020586,False
5,250.0,6003,766640955,node-theta,pca,0.1133457962035209,0.3366686742236659,False
5,250.0,6003,766640955,node-beta,sfa,0.2807087436601931,0.5298195387678649,False
5,250.0,6003,766640955,node-beta,pca,0.1533359556309374,0.39158135250665016,False
5,250.0,6003,766640955,node-gamma,sfa,0.8997429128233441,0.9485477915336391,False
5,250.0,6003,766640955,node-gamma,pca,0.892338326477733,0.9446366108074221,False
5,250.0,6003,767871931,edges-corr,sfa,0.7558828710315799,0.8694152466063497,False
5,250.0,6003,767871931,edges-corr,pca,0.7494711661019263,0.8657200275504352,False
5,250.0,6003,767871931,edges-cov,sfa,0.7071636264014347,0.8409302149414271,False
5,250.0,6003,767871931,edges-cov,pca,0.675961449886879,0.8221687478169424,False
5,250.0,6003,767871931,node-var,sfa,0.7123371840862484,0.8440007014726044,False
5,250.0,6003,767871931,node-var,pca,0.621082106137652,0.7880876259259829,False
5,250.0,6003,767871931,node-delta,sfa,0.7170696370703046,0.8467996439951452,False
5,250.0,6003,767871931,node-delta,pca,0.7231272562501415,0.8503688942159994,False
5,250.0,6003,767871931,node-theta,sfa,0.7481816885114169,0.8649749640951563,False
5,250.0,6003,767871931,node-theta,pca,0.5710390033393138,0.7556712270156339,False
5,250.0,6003,767871931,node-beta,sfa,0.48087239810135696,0.6934496363120807,False
5,250.0,6003,767871931,node-beta,pca,0.4332648183997823,0.6582285457193287,False
5,250.0,6003,767871931,node-gamma,sfa,0.48307125183237226,0.6950332739030357,False
5,250.0,6003,767871931,node-gamma,pca,0.42300651070716494,0.6503895069165592,False
5,250.0,6003,771160300,edges-corr,sfa,0.8934804241161688,0.9452409344268629,False
5,250.0,6003,771160300,edges-corr,pca,0.8996988441231816,0.948524561686824,False
5,250.0,6003,771160300,edges-cov,sfa,0.49278858864914693,0.7019890231685585,False
5,250.0,6003,771160300,edges-cov,pca,0.4904302666873625,0.7003072659107304,False
5,250.0,6003,771160300,node-var,sfa,0.5121465467399194,0.7156441481210613,False
5,250.0,6003,771160300,node-var,pca,0.4990483423249447,0.7064335370896152,False
5,250.0,6003,771160300,node-delta,sfa,0.498245252116802,0.7058648965041412,False
5,250.0,6003,771160300,node-delta,pca,0.47768828163148297,0.691149970434408,False
5,250.0,6003,771160300,node-theta,sfa,0.675214524877437,0.8217143815690687,False
5,250.0,6003,771160300,node-theta,pca,0.44152538939316,0.6644737687773385,False
5,250.0,6003,771160300,node-beta,sfa,0.6362549019945342,0.7976558794333144,False
5,250.0,6003,771160300,node-beta,pca,0.5975241661558433,0.7729968733156967,False
5,250.0,6003,771160300,node-gamma,sfa,0.8970864949123659,0.9471465012934197,False
5,250.0,6003,771160300,node-gamma,pca,0.8789712512306969,0.9375346666820896,False
5,250.0,6003,771990200,edges-corr,sfa,0.7974558426682309,0.8930038312729855,False
5,250.0,6003,771990200,edges-corr,pca,0.8577642868581615,0.9261556493690256,False
5,250.0,6003,771990200,edges-cov,sfa,0.8473491625131641,0.9205157046531928,False
5,250.0,6003,771990200,edges-cov,pca,0.5840332742087899,0.764220697317725,False
5,250.0,6003,771990200,node-var,sfa,0.5346297648568404,0.7311838105817445,False
5,250.0,6003,771990200,node-var,pca,0.4798967850368063,0.6927458300392766,False
5,250.0,6003,771990200,node-delta,sfa,0.6906823557059804,0.8310730146659681,False
5,250.0,6003,771990200,node-delta,pca,0.7099608065022629,0.8425917199345498,False
5,250.0,6003,771990200,node-theta,sfa,0.6484725069353098,0.8052779066479533,False
5,250.0,6003,771990200,node-theta,pca,0.055308909658328395,0.23517846342369106,False
5,250.0,6003,771990200,node-beta,sfa,0.47257197058941913,0.6874387031506294,False
5,250.0,6003,771990200,node-beta,pca,0.48524436929071035,0.6965948386908349,False
5,250.0,6003,771990200,node-gamma,sfa,0.8798466357461814,0.9380014049809208,False
5,250.0,6003,771990200,node-gamma,pca,0.8471940921233673,0.920431470628513,False
5,250.0,6003,774875821,edges-corr,sfa,0.7489664051569122,0.8654284517838041,False
5,250.0,6003,774875821,edges-corr,pca,0.5384803699828226,0.7338122171119956,False
5,250.0,6003,774875821,edges-cov,sfa,0.6038364887519216,0.7770691660025648,False
5,250.0,6003,774875821,edges-cov,pca,0.5041907501459655,0.7100639056774858,False
5,250.0,6003,774875821,node-var,sfa,0.5980248518771878,0.7733206656214405,False
5,250.0,6003,774875821,node-var,pca,0.5280011684486325,0.7266368889952068,False
5,250.0,6003,774875821,node-delta,sfa,0.5979907059852793,0.7732985878593593,False
5,250.0,6003,774875821,node-delta,pca,0.5796783257640525,0.7613660918139529,False
5,250.0,6003,774875821,node-theta,sfa,0.6187333510833486,0.7865960533103052,False
5,250.0,6003,774875821,node-theta,pca,0.40942817662384823,0.6398657489066345,False
5,250.0,6003,774875821,node-beta,sfa,0.6510492612743368,0.8068762366523982,False
5,250.0,6003,774875821,node-beta,pca,0.5926708505983534,0.7698511873072311,False
5,250.0,6003,774875821,node-gamma,sfa,0.876542011519767,0.9362382237015144,False
5,250.0,6003,774875821,node-gamma,pca,0.8682316392509647,0.9317894822603251,False
5,250.0,6003,778240327,edges-corr,sfa,0.7949995283251754,0.8916274605042037,False
5,250.0,6003,778240327,edges-corr,pca,0.6860235719421607,0.8282653994597147,False
5,250.0,6003,778240327,edges-cov,sfa,0.7822318197826356,0.8844387032364852,False
5,250.0,6003,778240327,edges-cov,pca,0.6978107144183795,0.8353506535691341,False
5,250.0,6003,778240327,node-var,sfa,0.7421682734813053,0.8614918882272226,False
5,250.0,6003,778240327,node-var,pca,0.7027115305541626,0.8382789097634287,False
5,250.0,6003,778240327,node-delta,sfa,0.8009203347540373,0.8949415258853717,False
5,250.0,6003,778240327,node-delta,pca,0.7837797421233978,0.8853133581525797,False
5,250.0,6003,778240327,node-theta,sfa,0.7195838631581017,0.8482828909969254,False
5,250.0,6003,778240327,node-theta,pca,0.6622523731662089,0.8137888996331966,False
5,250.0,6003,778240327,node-beta,sfa,0.8195034862127889,0.9052643184246184,False
5,250.0,6003,778240327,node-beta,pca,0.8125561216180377,0.9014189490009835,False
5,250.0,6003,778240327,node-gamma,sfa,0.2021641850951694,0.44962671750594335,False
5,250.0,6003,778240327,node-gamma,pca,0.14474119673812885,0.3804486781921168,False
5,250.0,6003,778998620,edges-corr,sfa,0.873596247333353,0.9346637081503448,False
5,250.0,6003,778998620,edges-corr,pca,0.8379766240896848,0.9154106314052097,False
5,250.0,6003,778998620,edges-cov,sfa,0.48343620404323223,0.6952957673128984,False
5,250.0,6003,778998620,edges-cov,pca,0.5183651224222464,0.7199757790524945,False
5,250.0,6003,778998620,node-var,sfa,0.5461702421190318,0.7390333159736655,False
5,250.0,6003,778998620,node-var,pca,0.4349166904713802,0.6594821380988117,False
5,250.0,6003,778998620,node-delta,sfa,0.5910461825474523,0.768795279998162,False
5,250.0,6003,778998620,node-delta,pca,0.5109455353068771,0.7148045434290952,False
5,250.0,6003,778998620,node-theta,sfa,0.7982586815336736,0.8934532341055539,False
5,250.0,6003,778998620,node-theta,pca,0.058649767028125493,0.24217713977195596,False
5,250.0,6003,778998620,node-beta,sfa,0.24041154465767428,0.49031779965413685,False
5,250.0,6003,778998620,node-beta,pca,0.16882912440227682,0.4108882139977695,False
5,250.0,6003,778998620,node-gamma,sfa,0.8208148330211804,0.9059883183690507,False
5,250.0,6003,778998620,node-gamma,pca,0.8027981940448089,0.8959900635859802,False
5,250.0,6003,779839471,edges-corr,sfa,0.6694803105136413,0.8182177647262624,False
5,250.0,6003,779839471,edges-corr,pca,0.6066516551728408,0.7788784598208124,False
5,250.0,6003,779839471,edges-cov,sfa,0.39180907534874804,0.6259465435232853,False
5,250.0,6003,779839471,edges-cov,pca,0.4020329432843218,0.634060677919962,False
5,250.0,6003,779839471,node-var,sfa,0.4147920863498704,0.6440435438305941,False
5,250.0,6003,779839471,node-var,pca,0.40372172595403594,0.6353910024182243,False
5,250.0,6003,779839471,node-delta,sfa,0.3822485160909573,0.6182624977232222,False
5,250.0,6003,779839471,node-delta,pca,0.34585857639324663,0.5880974208353975,False
5,250.0,6003,779839471,node-theta,sfa,0.4347699673420385,0.6593708875451194,False
5,250.0,6003,779839471,node-theta,pca,0.4589832767644913,0.6774830453705032,False
5,250.0,6003,779839471,node-beta,sfa,0.48595256158394307,0.6971029777471497,False
5,250.0,6003,779839471,node-beta,pca,0.4929422183486267,0.7020984392153473,False
5,250.0,6003,779839471,node-gamma,sfa,0.8039944326575063,0.8966573663654954,False
5,250.0,6003,779839471,node-gamma,pca,0.6831938684761784,0.8265554237171143,False
10,125.0,3001,766640955,edges-corr,sfa,0.6538473078126481,0.8086082536139785,False
10,125.0,3001,766640955,edges-corr,pca,0.43399409482944623,0.6587822818120158,False
10,125.0,3001,766640955,edges-cov,sfa,0.45086631218606543,0.6714657937572587,False
10,125.0,3001,766640955,edges-cov,pca,0.2969789309386931,0.5449577331671632,False
10,125.0,3001,766640955,node-var,sfa,0.44289807114720336,0.665505876117712,False
10,125.0,3001,766640955,node-var,pca,0.24589957633445214,0.49588262354558477,False
10,125.0,3001,766640955,node-delta,sfa,0.3373526041241784,0.580820629905807,False
10,125.0,3001,766640955,node-delta,pca,0.36772754034735045,0.606405425723872,False
10,125.0,3001,766640955,node-theta,sfa,0.6696916651643158,0.8183469100352954,False
10,125.0,3001,766640955,node-theta,pca,0.11326102226379839,0.3365427495338421,False
10,125.0,3001,766640955,node-beta,sfa,0.2835624599412561,0.5325058308988326,False
10,125.0,3001,766640955,node-beta,pca,0.1585317214978352,0.3981604218124087,False
10,125.0,3001,766640955,node-gamma,sfa,0.893981864770455,0.9455061421114381,False
10,125.0,3001,766640955,node-gamma,pca,0.8903659480830763,0.9435920453686945,False
10,125.0,3001,767871931,edges-corr,sfa,0.7563331338225896,0.8696741538200325,False
10,125.0,3001,767871931,edges-corr,pca,0.7461373500028028,0.8637924229829773,False
10,125.0,3001,767871931,edges-cov,sfa,0.7072048227905121,0.8409547091196482,False
10,125.0,3001,767871931,edges-cov,pca,0.6749966010904557,0.8215817677446693,False
10,125.0,3001,767871931,node-var,sfa,0.7146072279259879,0.8453444433637616,False
10,125.0,3001,767871931,node-var,pca,0.6227132585066745,0.7891218274174618,False
10,125.0,3001,767871931,node-delta,sfa,0.7170643442840464,0.8467965188190409,False
10,125.0,3001,767871931,node-delta,pca,0.7231168802618012,0.8503627933192992,False
10,125.0,3001,767871931,node-theta,sfa,0.7482877503901894,0.8650362711413836,False
10,125.0,3001,767871931,node-theta,pca,0.57122618391743,0.7557950674074487,False
10,125.0,3001,767871931,node-beta,sfa,0.489768865371545,0.6998348843631225,False
10,125.0,3001,767871931,node-beta,pca,0.4395298073445525,0.6629704422857421,False
10,125.0,3001,767871931,node-gamma,sfa,0.5157118573453613,0.7181308079628399,False
10,125.0,3001,767871931,node-gamma,pca,0.46240382278752584,0.6800028108673712,False
10,125.0,3001,771160300,edges-corr,sfa,0.8906247473406461,0.9437291705466384,False
10,125.0,3001,771160300,edges-corr,pca,0.9015424658859567,0.9494959009316242,False
10,125.0,3001,771160300,edges-cov,sfa,0.49728659295594624,0.7051855025140167,False
10,125.0,3001,771160300,edges-cov,pca,0.4966769205347837,0.7047530918944476,False
10,125.0,3001,771160300,node-var,sfa,0.5234155341204705,0.723474625761312,False
10,125.0,3001,771160300,node-var,pca,0.50922442818289,0.7135996273702012,False
10,125.0,3001,771160300,node-delta,sfa,0.49818505238459576,0.7058222526844813,False
10,125.0,3001,771160300,node-delta,pca,0.47768343179803097,0.6911464619008267,False
10,125.0,3001,771160300,node-theta,sfa,0.6751074211710776,0.8216492080998299,False
10,125.0,3001,771160300,node-theta,pca,0.44170376280504287,0.664607976784091,False
10,125.0,3001,771160300,node-beta,sfa,0.6384900488137396,0.7990557232219413,False
10,125.0,3001,771160300,node-beta,pca,0.6020626368794464,0.7759269533141934,False
10,125.0,3001,771160300,node-gamma,sfa,0.8981509189623786,0.9477082456971547,False
10,125.0,3001,771160300,node-gamma,pca,0.8762787256076364,0.9360976047440974,False
10,125.0,3001,771990200,edges-corr,sfa,0.7929792618112115,0.8904938303049671,False
10,125.0,3001,771990200,edges-corr,pca,0.8530791147648187,0.9236228206171709,False
10,125.0,3001,771990200,edges-cov,sfa,0.8403045194026884,0.9166812528914772,False
10,125.0,3001,771990200,edges-cov,pca,0.596057003498227,0.7720472806106029,False
10,125.0,3001,771990200,node-var,sfa,0.5563403916008759,0.745882290714075,False
10,125.0,3001,771990200,node-var,pca,0.5066985692735645,0.7118276260960686,False
10,125.0,3001,771990200,node-delta,sfa,0.6895000610685011,0.830361403888994,False
10,125.0,3001,771990200,node-delta,pca,0.7099306209761382,0.8425738074353714,False
10,125.0,3001,771990200,node-theta,sfa,0.6485531492783768,0.8053279762173774,False
10,125.0,3001,771990200,node-theta,pca,0.056335798670472885,0.23735163507014836,False
10,125.0,3001,771990200,node-beta,sfa,0.4775124048451389,0.6910227238268933,False
10,125.0,3001,771990200,node-beta,pca,0.4882280249735281,0.6987331572020381,False
10,125.0,3001,771990200,node-gamma,sfa,0.886212378002802,0.9413885372165958,False
10,125.0,3001,771990200,node-gamma,pca,0.8440087695824493,0.9186994990650911,False
10,125.0,3001,774875821,edges-corr,sfa,0.7483942223535461,0.8650978108592959,False
10,125.0,3001,774875821,edges-corr,pca,0.5346756377161436,0.7312151788058995,False
10,125.0,3001,774875821,edges-cov,sfa,0.6085685634315895,0.7801080459984947,False
10,125.0,3001,774875821,edges-cov,pca,0.5087287292936779,0.7132522199710828,False
10,125.0,3001,774875821,node-var,sfa,0.6012958881724658,0.7754327102801801,False
10,125.0,3001,774875821,node-var,pca,0.5351430808989325,0.7315347434667286,False
10,125.0,3001,774875821,node-delta,sfa,0.5979317145914677,0.7732604442175144,False
10,125.0,3001,774875821,node-delta,pca,0.5796829651017449,0.7613691385272618,False
10,125.0,3001,774875821,node-theta,sfa,0.6185281996877134,0.786465637957383,False
10,125.0,3001,774875821,node-theta,pca,0.4094413989546878,0.6398760809365261,False
10,125.0,3001,774875821,node-beta,sfa,0.6531802379437499,0.8081956681050387,False
10,125.0,3001,774875821,node-beta,pca,0.5952557279334422,0.7715281770184691,False
10,125.0,3001,774875821,node-gamma,sfa,0.8800285303097126,0.9380983585476059,False
10,125.0,3001,774875821,node-gamma,pca,0.8737352032813781,0.9347380399242229,False
10,125.0,3001,778240327,edges-corr,sfa,0.7927094030171407,0.8903422954219016,False
10,125.0,3001,778240327,edges-corr,pca,0.6837156373873867,0.8268709919856826,False
10,125.0,3001,778240327,edges-cov,sfa,0.7836050924874842,0.8852147154716105,False
10,125.0,3001,778240327,edges-cov,pca,0.695051305835624,0.8336973706541385,False
10,125.0,3001,778240327,node-var,sfa,0.7454728522865022,0.8634076976066997,False
10,125.0,3001,778240327,node-var,pca,0.7042185505469174,0.8391773057863978,False
10,125.0,3001,778240327,node-delta,sfa,0.8008135599208294,0.8948818692547242,False
10,125.0,3001,778240327,node-delta,pca,0.7837039236784993,0.8852705369990008,False
10,125.0,3001,778240327,node-theta,sfa,0.7187384043003376,0.8477844090925107,False
10,125.0,3001,778240327,node-theta,pca,0.6621837606754609,0.813746742343993,False
10,125.0,3001,778240327,node-beta,sfa,0.8181953651739241,0.9045415220839362,False
10,125.0,3001,778240327,node-beta,pca,0.8115123132372909,0.9008397822239484,False
10,125.0,3001,778240327,node-gamma,sfa,0.16806812380732847,0.40996112475127255,False
10,125.0,3001,778240327,node-gamma,pca,0.10629218516000817,0.3260248229199859,False
10,125.0,3001,778998620,edges-corr,sfa,0.8693327804440503,0.9323801694824114,False
10,125.0,3001,778998620,edges-corr,pca,0.8352375467225562,0.9139133146653222,False
10,125.0,3001,778998620,edges-cov,sfa,0.48599627469717066,0.6971343304537302,False
10,125.0,3001,778998620,edges-cov,pca,0.5221905828105508,0.7226275546992038,False
10,125.0,3001,778998620,node-var,sfa,0.5536922962831213,0.7441050304111116,False
10,125.0,3001,778998620,node-var,pca,0.44496119212662827,0.6670541148412386,False
10,125.0,3001,778998620,node-delta,sfa,0.5910428914194241,0.768793139550181,False
10,125.0,3001,778998620,node-delta,pca,0.5108970403134111,0.7147706207682372,False
10,125.0,3001,778998620,node-theta,sfa,0.7979703292152183,0.8932918499657423,False
10,125.0,3001,778998620,node-theta,pca,0.05908319129683365,0.24307034228147548,False
10,125.0,3001,778998620,node-beta,sfa,0.24631832130522235,0.4963046658104499,False
10,125.0,3001,778998620,node-beta,pca,0.1742682751178632,0.41745451862192506,False
10,125.0,3001,778998620,node-gamma,sfa,0.8103443649964628,0.9001912935573543,False
10,125.0,3001,778998620,node-gamma,pca,0.7938606636854922,0.8909885878536785,False
10,125.0,3001,779839471,edges-corr,sfa,0.670585395644887,0.8188927864164435,False
10,125.0,3001,779839471,edges-corr,pca,0.6054779948142511,0.7781246653424188,False
10,125.0,3001,779839471,edges-cov,sfa,0.39661990677911013,0.629777664560367,False
10,125.0,3001,779839471,edges-cov,pca,0.40354989855327117,0.6352557741203705,False
10,125.0,3001,779839471,node-var,sfa,0.41771684572565415,0.6463101776435631,False
10,125.0,3001,779839471,node-var,pca,0.4073759406135867,0.6382600885325563,False
10,125.0,3001,779839471,node-delta,sfa,0.382314202351073,0.6183156171010668,False
10,125.0,3001,779839471,node-delta,pca,0.3458255816672676,0.5880693680742669,False
10,125.0,3001,779839471,node-theta,sfa,0.43487794478748254,0.6594527616042581,False
10,125.0,3001,779839471,node-theta,pca,0.4589673001817297,0.6774712541368303,False
10,125.0,3001,779839471,node-beta,sfa,0.4865707602607233,0.697546242381624,False
10,125.0,3001,779839471,node-beta,pca,0.4933340392496351,0.7023774193762461,False
10,125.0,3001,779839471,node-gamma,sfa,0.7874009994722225,0.8873561852335411,False
10,125.0,3001,779839471,node-gamma,pca,0.6679961273510933,0.8173103005291767,False
20,62.5,1501,766640955,edges-corr,sfa,0.6207602493634348,0.7878833983296226,False
20,62.5,1501,766640955,edges-corr,pca,0.36005043301375983,0.6000420260396432,False
20,62.5,1501,766640955,edges-cov,sfa,0.43646874791036416,0.66065781453818,False
20,62.5,1501,766640955,edges-cov,pca,0.31964507287542043,0.5653716236913738,False
20,62.5,1501,766640955,node-var,sfa,0.45904467141821115,0.677528354696843,False
20,62.5,1501,766640955,node-var,pca,0.3174390273636652,0.5634172764156822,False
20,62.5,1501,766640955,node-delta,sfa,0.3381324210505962,0.5814915485633443,False
20,62.5,1501,766640955,node-delta,pca,0.36775194598272565,0.6064255485900356,False
20,62.5,1501,766640955,node-theta,sfa,0.669646237399778,0.8183191537534594,False
20,62.5,1501,766640955,node-theta,pca,0.11184004673357781,0.334424949328811,False
20,62.5,1501,766640955,node-beta,sfa,0.2045200733434268,0.4522389560215117,False
20,62.5,1501,766640955,node-beta,pca,0.06442837084871782,0.2538274430567306,False
20,62.5,1501,766640955,node-gamma,sfa,,,True
20,62.5,1501,766640955,node-gamma,pca,,,True
20,62.5,1501,767871931,edges-corr,sfa,0.755437526217873,0.8691590914314093,False
20,62.5,1501,767871931,edges-corr,pca,0.7356118532480587,0.8576781758025901,False
20,62.5,1501,767871931,edges-cov,sfa,0.7085392306549344,0.8417477238786776,False
20,62.5,1501,767871931,edges-cov,pca,0.6726647973815278,0.8201614459248422,False
20,62.5,1501,767871931,node-var,sfa,0.7187402039109758,0.8477854704528592,False
20,62.5,1501,767871931,node-var,pca,0.6249522653904964,0.7905392244477794,False
20,62.5,1501,767871931,node-delta,sfa,0.7169080406279308,0.8467042226349948,False
20,62.5,1501,767871931,node-delta,pca,0.722915572938796,0.8502444195281708,False
20,62.5,1501,767871931,node-theta,sfa,0.7480935646978398,0.8649240225001499,False
20,62.5,1501,767871931,node-theta,pca,0.5722447318946626,0.756468592801223,False
20,62.5,1501,767871931,node-beta,sfa,0.36203963202441036,0.60169729268496,False
20,62.5,1501,767871931,node-beta,pca,0.34668520574134204,0.5887998010710789,False
20,62.5,1501,767871931,node-gamma,sfa,,,True
20,62.5,1501,767871931,node-gamma,pca,,,True
20,62.5,1501,771160300,edges-corr,sfa,0.8885399136043383,0.9426239513211715,False
20,62.5,1501,771160300,edges-corr,pca,0.9018718573962525,0.9496693410847022,False
20,62.5,1501,771160300,edges-cov,sfa,0.5009476885502211,0.707776580956322,False
20,62.5,1501,771160300,edges-cov,pca,0.5038772710027284,0.7098431312640339,False
20,62.5,1501,771160300,node-var,sfa,0.5368207317308796,0.7326805113628174,False
20,62.5,1501,771160300,node-var,pca,0.5229831909044464,0.7231757676418966,False
20,62.5,1501,771160300,node-delta,sfa,0.4981591802945258,0.7058039248222737,False
20,62.5,1501,771160300,node-delta,pca,0.47759448720088266,0.6910821132115074,False
20,62.5,1501,771160300,node-theta,sfa,0.6742299605206115,0.8211150714245912,False
20,62.5,1501,771160300,node-theta,pca,0.44152002405485713,0.6644697314813197,False
20,62.5,1501,771160300,node-beta,sfa,0.54287147347562,0.7367981226059279,False
20,62.5,1501,771160300,node-beta,pca,0.5131612466531542,0.7163527389862862,False
20,62.5,1501,771160300,node-gamma,sfa,,,True
20,62.5,1501,771160300,node-gamma,pca,,,True
20,62.5,1501,771990200,edges-corr,sfa,0.7866360345965778,0.8869250445198725,False
20,62.5,1501,771990200,edges-corr,pca,0.8427732730884716,0.9180268368018832,False
20,62.5,1501,771990200,edges-cov,sfa,0.8313026370075652,0.9117579925657714,False
20,62.5,1501,771990200,edges-cov,pca,0.6165436387504427,0.785202928388861,False
20,62.5,1501,771990200,node-var,sfa,0.5896578618268051,0.7678918295090821,False
20,62.5,1501,771990200,node-var,pca,0.548550937943592,0.7406422469340997,False
20,62.5,1501,771990200,node-delta,sfa,0.6878213002877824,0.8293499263204781,False
20,62.5,1501,771990200,node-delta,pca,0.7100150416179045,0.8426239028284829,False
20,62.5,1501,771990200,node-theta,sfa,0.649245837973975,0.8057579276519561,False
20,62.5,1501,771990200,node-theta,pca,0.0605438242840925,0.24605654692385753,False
20,62.5,1501,771990200,node-beta,sfa,0.3912516152897059,0.6255010913577257,False
20,62.5,1501,771990200,node-beta,pca,0.4208550015485972,0.6487333824835879,False
20,62.5,1501,771990200,node-gamma,sfa,,,True
20,62.5,1501,771990200,node-gamma,pca,,,True
20,62.5,1501,774875821,edges-corr,sfa,0.7403474205906353,0.8604344371250114,False
20,62.5,1501,774875821,edges-corr,pca,0.5217051995545163,0.7222916305444196,False
20,62.5,1501,774875821,edges-cov,sfa,0.6125725240293195,0.7826701246561795,False
20,62.5,1501,774875821,edges-cov,pca,0.5125465493902333,0.7159235639300003,False
20,62.5,1501,774875821,node-var,sfa,0.6041801040791855,0.7772902315603777,False
20,62.5,1501,774875821,node-var,pca,0.5434724955953374,0.7372058705648901,False
20,62.5,1501,774875821,node-delta,sfa,0.5980531938891809,0.7733389902812225,False
20,62.5,1501,774875821,node-delta,pca,0.5798646891067224,0.7614884694509316,False
20,62.5,1501,774875821,node-theta,sfa,0.6169479910374585,0.7854603688522155,False
20,62.5,1501,774875821,node-theta,pca,0.40883303638416363,0.6394005289207725,False
20,62.5,1501,774875821,node-beta,sfa,0.613310093661089,0.7831411709654199,False
20,62.5,1501,774875821,node-beta,pca,0.5423191906093459,0.7364232414918379,False
20,62.5,1501,774875821,node-gamma,sfa,,,True
20,62.5,1501,774875821,node-gamma,pca,,,True
20,62.5,1501,778240327,edges-corr,sfa,0.7924196330665413,0.8901795510269495,False
20,62.5,1501,778240327,edges-corr,pca,0.6892994437575211,0.8302405938988535,False
20,62.5,1501,778240327,edges-cov,sfa,0.7817830162534408,0.8841849445978148,False
20,62.5,1501,778240327,edges-cov,pca,0.6887940259196276,0.8299361577372247,False
20,62.5,1501,778240327,node-var,sfa,0.7498551237311882,0.8659417553918902,False
20,62.5,1501,778240327,node-var,pca,0.7013547032091271,0.837469225231069,False
20,62.5,1501,778240327,node-delta,sfa,0.800851141593727,0.894902867127895,False
20,62.5,1501,778240327,node-delta,pca,0.783521102304543,0.8851672736294214,False
20,62.5,1501,778240327,node-theta,sfa,0.7179085881812737,0.8472948649562758,False
20,62.5,1501,778240327,node-theta,pca,0.6592081908899158,0.8119163693939886,False
20,62.5,1501,778240327,node-beta,sfa,0.8193318739421586,0.9051695277361907,False
20,62.5,1501,778240327,node-beta,pca,0.8110625399207565,0.9005901064972658,False
20,62.5,1501,778240327,node-gamma,sfa,,,True
20,62.5,1501,778240327,node-gamma,pca,,,True
20,62.5,1501,778998620,edges-corr,sfa,0.8580674434383574,0.9263192988588532,False
20,62.5,1501,778998620,edges-corr,pca,0.825816954927097,0.9087447138372233,False
20,62.5,1501,778998620,edges-cov,sfa,0.4884789080956244,0.6989126612786639,False
20,62.5,1501,778998620,edges-cov,pca,0.527179917776987,0.7260715651896767,False
20,62.5,1501,778998620,node-var,sfa,0.5659167750214582,0.7522744014131135,False
20,62.5,1501,778998620,node-var,pca,0.46145623320942386,0.6793056993794648,False
20,62.5,1501,778998620,node-delta,sfa,0.5908678232397571,0.768679272024267,False
20,62.5,1501,778998620,node-delta,pca,0.5107904591285153,0.7146960606639128,False
20,62.5,1501,778998620,node-theta,sfa,0.7944047041147598,0.8912938371349596,False
20,62.5,1501,778998620,node-theta,pca,0.06073018012777399,0.24643494096368312,False
20,62.5,1501,778998620,node-beta,sfa,0.1849576775485782,0.43006706168756775,False
20,62.5,1501,778998620,node-beta,pca,0.1339210160891989,0.36595220465137096,False
20,62.5,1501,778998620,node-gamma,sfa,,,True
20,62.5,1501,778998620,node-gamma,pca,,,True
20,62.5,1501,779839471,edges-corr,sfa,0.6712856429373326,0.8193202322275049,False
20,62.5,1501,779839471,edges-corr,pca,0.5966252972497939,0.7724152362879657,False
20,62.5,1501,779839471,edges-cov,sfa,0.40399239033712164,0.6356039571440077,False
20,62.5,1501,779839471,edges-cov,pca,0.4037554450962108,0.6354175360313963,False
20,62.5,1501,779839471,node-var,sfa,0.42070489041301684,0.6486176766115898,False
20,62.5,1501,779839471,node-var,pca,0.41138367994918473,0.6413919861903364,False
20,62.5,1501,779839471,node-delta,sfa,0.38239060001443503,0.6183773928714043,False
20,62.5,1501,779839471,node-delta,pca,0.34578730415349174,0.5880368221068233,False
20,62.5,1501,779839471,node-theta,sfa,0.4343733368558929,0.6590700545889586,False
20,62.5,1501,779839471,node-theta,pca,0.45879383330846313,0.6773432167730501,False
20,62.5,1501,779839471,node-beta,sfa,0.45001127470301344,0.670828796864754,False
20,62.5,1501,779839471,node-beta,pca,0.45091457307433674,0.6715017297627287,False
20,62.5,1501,779839471,node-gamma,sfa,,,True
20,62.5,1501,779839471,node-gamma,pca,,,True
