subject,feature,method,R2,abs_r
766640955,edges-corr,sfa,0.6084250640932952,0.7800160665610005
766640955,edges-corr,pca,0.3484859271807324,0.5903269663336856
766640955,edges-corr-glob,sfa,0.38092282543992473,0.617189456682407
766640955,edges-corr-glob,pca,0.2705371948218573,0.5201319013691212
766640955,edges-cov-win,sfa,0.3809228254399261,0.6171894566824081
766640955,edges-cov-win,pca,0.24719314225520375,0.49718521926461545
766640955,edges-cov,sfa,0.380909505000141,0.6171786653799214
766640955,edges-cov,pca,0.24711804958299766,0.4971096957241909
766640955,node-var,sfa,0.3888667344829418,0.6235918011671913
766640955,node-var,pca,0.19892186874173362,0.44600657925834863
766640955,nodes,sfa,0.0014005312274020958,0.03742367201921928
766640955,nodes,pca,0.0006120501599563498,0.024739647530964335
766640955,node-delta,sfa,0.3064890961127579,0.5536145736094362
766640955,node-delta,pca,0.2929570301500524,0.5412550509233631
766640955,node-theta,sfa,0.5944892880992115,0.7710313146035066
766640955,node-theta,pca,0.10547538296338162,0.32476973837379247
766640955,node-beta,sfa,0.219671873937143,0.46869166190273004
766640955,node-beta,pca,0.12513115937005231,0.35373882932193396
766640955,node-gamma,sfa,0.8725429435276881,0.9341000714739766
766640955,node-gamma,pca,0.8623409443369362,0.9286231444116263
766640955,cov+var,sfa,0.4140860166467839,0.6434951566614809
766640955,cov+var,pca,0.22896883220548436,0.47850687790823276
766640955,corr+var,sfa,0.6084250640932943,0.780016066561
766640955,corr+var,pca,0.3484859271807324,0.5903269663336856
766640955,cov+corr,sfa,0.6084250640932934,0.7800160665609994
766640955,cov+corr,pca,0.348485927180732,0.5903269663336853
767871931,edges-corr,sfa,0.7283406717498825,0.8534287736828906
767871931,edges-corr,pca,0.7155476261863358,0.8459004824365192
767871931,edges-corr-glob,sfa,0.6664732527034138,0.8163781309561237
767871931,edges-corr-glob,pca,0.5974079817660762,0.7729217177477136
767871931,edges-cov-win,sfa,0.666473252703416,0.816378130956125
767871931,edges-cov-win,pca,0.5903597734356001,0.7683487316548392
767871931,edges-cov,sfa,0.666494509397651,0.8163911497546081
767871931,edges-cov,pca,0.5903708922542602,0.7683559671495108
767871931,node-var,sfa,0.6680852930428269,0.8173648469580931
767871931,node-var,pca,0.5493537175810637,0.7411839971161437
767871931,nodes,sfa,0.004506315926996799,0.06712909895862448
767871931,nodes,pca,4.066331319403303e-06,0.002016514646463869
767871931,node-delta,sfa,0.6680184579229954,0.8173239614271659
767871931,node-delta,pca,0.668067092079979,0.8173537129541769
767871931,node-theta,sfa,0.7024278829694016,0.8381097081942206
767871931,node-theta,pca,0.4914917525531156,0.7010647277913186
767871931,node-beta,sfa,0.421691509512928,0.6493777864332348
767871931,node-beta,pca,0.37848904865731875,0.6152146362508931
767871931,node-gamma,sfa,0.5167328503018377,0.7188413248428597
767871931,node-gamma,pca,0.465539313709239,0.6823044142530803
767871931,cov+var,sfa,0.6599692533890705,0.8123849170122932
767871931,cov+var,pca,0.5761889924407365,0.7590711379315752
767871931,corr+var,sfa,0.7283406717498825,0.8534287736828906
767871931,corr+var,pca,0.715547626186336,0.8459004824365193
767871931,cov+corr,sfa,0.7283406717498822,0.8534287736828904
767871931,cov+corr,pca,0.7155476261863358,0.8459004824365192
771160300,edges-corr,sfa,0.8623685448891146,0.9286380053008355
771160300,edges-corr,pca,0.8586531633211258,0.9266353993460027
771160300,edges-corr-glob,sfa,0.4248522243597137,0.651806891924068
771160300,edges-corr-glob,pca,0.45069825715970857,0.6713406416713564
771160300,edges-cov-win,sfa,0.4248522243597153,0.6518068919240693
771160300,edges-cov-win,pca,0.42675845206733676,0.6532675195257581
771160300,edges-cov,sfa,0.425181200767588,0.6520592003549892
771160300,edges-cov,pca,0.4267606723954166,0.653269218925411
771160300,node-var,sfa,0.45837879567501694,0.6770367757182891
771160300,node-var,pca,0.4451098398572557,0.667165526580365
771160300,nodes,sfa,0.0004300912861656266,0.020738642341426947
771160300,nodes,pca,0.0006214832200902545,0.024929565180529214
771160300,node-delta,sfa,0.43048405315590255,0.6561128356890319
771160300,node-delta,pca,0.4092130003936853,0.6396975851085303
771160300,node-theta,sfa,0.5635971978015121,0.7507311088542369
771160300,node-theta,pca,0.3376760899749467,0.5810990362880898
771160300,node-beta,sfa,0.5383490059527455,0.7337227037190177
771160300,node-beta,pca,0.49126723426248864,0.7009045828516808
771160300,node-gamma,sfa,0.8617113369509765,0.9282840820303753
771160300,node-gamma,pca,0.8291660963744426,0.9105855788307009
771160300,cov+var,sfa,0.4999553160430994,0.7070751841516568
771160300,cov+var,pca,0.43692235256959644,0.6610010231229574
771160300,corr+var,sfa,0.862368544889114,0.9286380053008352
771160300,corr+var,pca,0.8586531633211258,0.9266353993460027
771160300,cov+corr,sfa,0.8623685448891135,0.928638005300835
771160300,cov+corr,pca,0.8586531633211263,0.9266353993460029
771990200,edges-corr,sfa,0.7502136071355481,0.8661487211417841
771990200,edges-corr,pca,0.8065717183628289,0.8980933795340154
771990200,edges-corr-glob,sfa,0.7771189032599786,0.8815434778046847
771990200,edges-corr-glob,pca,0.5700335407449484,0.755005656101296
771990200,edges-cov-win,sfa,0.7771189032599791,0.881543477804685
771990200,edges-cov-win,pca,0.505240895374135,0.7108029933632349
771990200,edges-cov,sfa,0.7773430285330147,0.8816705895815141
771990200,edges-cov,pca,0.5052078958470674,0.71077978013381
771990200,node-var,sfa,0.4958761973372169,0.7041847749967454
771990200,node-var,pca,0.4452908723319852,0.6673011856215941
771990200,nodes,sfa,0.0012006808470854577,0.03465084193905622
771990200,nodes,pca,0.0013848708495970692,0.03721385292598805
771990200,node-delta,sfa,0.6229779787999438,0.7892895405362621
771990200,node-delta,pca,0.6406424636071858,0.80040143903368
771990200,node-theta,sfa,0.574902876737279,0.7582235005176765
771990200,node-theta,pca,0.05824579834034123,0.24134166308439417
771990200,node-beta,sfa,0.45632558222486325,0.6755187504613497
771990200,node-beta,pca,0.432380576031523,0.6575565192677532
771990200,node-gamma,sfa,0.852567437133024,0.923345784163779
771990200,node-gamma,pca,0.8046371284048901,0.8970156790184273
771990200,cov+var,sfa,0.668177369409873,0.8174211701502923
771990200,cov+var,pca,0.48113179039686943,0.6936366414751094
771990200,corr+var,sfa,0.7502136071355483,0.8661487211417842
771990200,corr+var,pca,0.8065717183628289,0.8980933795340154
771990200,cov+corr,sfa,0.7502136071355507,0.8661487211417856
771990200,cov+corr,pca,0.8065717183628289,0.8980933795340154
774875821,edges-corr,sfa,0.7276953224503383,0.8530505978254387
774875821,edges-corr,pca,0.4458046532147734,0.6676860438969602
774875821,edges-corr-glob,sfa,0.5210691389769674,0.721851188941992
774875821,edges-corr-glob,pca,0.4178333240992295,0.6464002816361001
774875821,edges-cov-win,sfa,0.5210691389769709,0.7218511889419944
774875821,edges-cov-win,pca,0.40809133732094316,0.6388202699671819
774875821,edges-cov,sfa,0.5211508907898004,0.7219078132211899
774875821,edges-cov,pca,0.4080980803503706,0.6388255476656914
774875821,node-var,sfa,0.5175743247871781,0.7194263859403394
774875821,node-var,pca,0.43804298932869346,0.6618481618382674
774875821,nodes,sfa,4.922226988336511e-05,0.007015858456622761
774875821,nodes,pca,2.1515960944552202e-05,0.0046385300413549335
774875821,node-delta,sfa,0.5080333845695164,0.7127646067037254
774875821,node-delta,pca,0.48278962078411597,0.6948306417999396
774875821,node-theta,sfa,0.5148968245376354,0.7175631153687008
774875821,node-theta,pca,0.2995742107194857,0.5473337288341417
774875821,node-beta,sfa,0.5467172795378302,0.7394033267018957
774875821,node-beta,pca,0.4798363454125667,0.6927022054335952
774875821,node-gamma,sfa,0.8599610470769784,0.9273408473031792
774875821,node-gamma,pca,0.8407749783735415,0.916937826885521
774875821,cov+var,sfa,0.6073204970570605,0.7793077037069892
774875821,cov+var,pca,0.42057019087047753,0.6485138324434395
774875821,corr+var,sfa,0.7276953224503385,0.8530505978254388
774875821,corr+var,pca,0.4458046532147734,0.6676860438969602
774875821,cov+corr,sfa,0.7276953224503369,0.8530505978254378
774875821,cov+corr,pca,0.4458046532147733,0.6676860438969601
778240327,edges-corr,sfa,0.7288500179440326,0.8537271331895412
778240327,edges-corr,pca,0.5584317182996951,0.7472828904101144
778240327,edges-corr-glob,sfa,0.7508733514238244,0.8665294867595819
778240327,edges-corr-glob,pca,0.6404245514653267,0.8002653006755489
778240327,edges-cov-win,sfa,0.7508733514238249,0.8665294867595822
778240327,edges-cov-win,pca,0.639238619683922,0.7995239956898867
778240327,edges-cov,sfa,0.7509134002689083,0.8665525952121477
778240327,edges-cov,pca,0.6392768744593252,0.7995479188011968
778240327,node-var,sfa,0.6991212190010663,0.8361346895094511
778240327,node-var,pca,0.6572334756183655,0.8106993743789158
778240327,nodes,sfa,0.0040865209886828124,0.06392590232982881
778240327,nodes,pca,0.0012780046668395707,0.035749191135458866
778240327,node-delta,sfa,0.7643420705358814,0.8742665900833003
778240327,node-delta,pca,0.7504524482285976,0.8662865855065502
778240327,node-theta,sfa,0.6613696938794031,0.813246391863747
778240327,node-theta,pca,0.5654677434931652,0.7519758928936254
778240327,node-beta,sfa,0.7872479225860206,0.8872699265646394
778240327,node-beta,pca,0.7763820052536905,0.8811254197069169
778240327,node-gamma,sfa,0.07636214268287544,0.27633700925296895
778240327,node-gamma,pca,0.039321304503564254,0.1982960022379782
778240327,cov+var,sfa,0.7661138210630869,0.8752792817513088
778240327,cov+var,pca,0.6517248884630603,0.8072947965043874
778240327,corr+var,sfa,0.7288500179440375,0.8537271331895441
778240327,corr+var,pca,0.5584317182996951,0.7472828904101144
778240327,cov+corr,sfa,0.7288500179440379,0.8537271331895443
778240327,cov+corr,pca,0.5584317182996951,0.7472828904101144
778998620,edges-corr,sfa,0.8324332681917747,0.9123778100062356
778998620,edges-corr,pca,0.7835496174541648,0.8851833806924783
778998620,edges-corr-glob,sfa,0.4411492396831842,0.6641906651581188
778998620,edges-corr-glob,pca,0.5070567355102877,0.7120791637945094
778998620,edges-cov-win,sfa,0.4411492396831975,0.6641906651581287
778998620,edges-cov-win,pca,0.4719159215475698,0.6869613683079783
778998620,edges-cov,sfa,0.44131811617453015,0.664317782521686
778998620,edges-cov,pca,0.47192820476651276,0.6869703085043143
778998620,node-var,sfa,0.5053563210100919,0.7108841825572516
778998620,node-var,pca,0.408047472068085,0.6387859360287177
778998620,nodes,sfa,0.0007962243105635755,0.028217446917883544
778998620,nodes,pca,1.4123270571676328e-05,0.00375809400782848
778998620,node-delta,sfa,0.5171970291161064,0.7191641183458102
778998620,node-delta,pca,0.4518021479465354,0.6721622928627694
778998620,node-theta,sfa,0.6712191521451638,0.8192796544191512
778998620,node-theta,pca,0.06213848409718966,0.24927591960955567
778998620,node-beta,sfa,0.21597939500983437,0.4647358335762741
778998620,node-beta,pca,0.16436271282191392,0.4054167150253106
778998620,node-gamma,sfa,0.7623880010540777,0.8731483270636654
778998620,node-gamma,pca,0.7448174821838606,0.863028088873045
778998620,cov+var,sfa,0.5652253241503082,0.7518146873733634
778998620,cov+var,pca,0.4431630583757769,0.6657049334170334
778998620,corr+var,sfa,0.8324332681917752,0.912377810006236
778998620,corr+var,pca,0.7835496174541647,0.8851833806924782
778998620,cov+corr,sfa,0.8324332681917735,0.9123778100062351
778998620,cov+corr,pca,0.7835496174541648,0.8851833806924783
779839471,edges-corr,sfa,0.5944427412837368,0.7710011292363564
779839471,edges-corr,pca,0.5216355274831717,0.7222433990582203
779839471,edges-corr-glob,sfa,0.33189861985444874,0.5761064310129238
779839471,edges-corr-glob,pca,0.3405995431962287,0.5836090670956275
779839471,edges-cov-win,sfa,0.33189861985444963,0.5761064310129246
779839471,edges-cov-win,pca,0.3355800122101422,0.579292682683065
779839471,edges-cov,sfa,0.3320063652395084,0.5761999351262619
779839471,edges-cov,pca,0.33558014139233044,0.5792927941829852
779839471,node-var,sfa,0.34946388458746735,0.5911547044450102
779839471,node-var,pca,0.344261682110286,0.5867381716833208
779839471,nodes,sfa,0.0009358819925743013,0.030592188424078154
779839471,nodes,pca,2.3184244908677816e-07,0.0004815002067359662
779839471,node-delta,sfa,0.2988908699963332,0.5467091274126793
779839471,node-delta,pca,0.2738063270496305,0.523265063853522
779839471,node-theta,sfa,0.3874847862804005,0.6224827598258449
779839471,node-theta,pca,0.40653370593027693,0.6375999575990238
779839471,node-beta,sfa,0.4030460851004778,0.6348591064956679
779839471,node-beta,pca,0.40732278045977943,0.6382184425882563
779839471,node-gamma,sfa,0.6809562963263509,0.8252007612250191
779839471,node-gamma,pca,0.5676409927832902,0.753419533051334
779839471,cov+var,sfa,0.38895443606191943,0.6236621169045939
779839471,cov+var,pca,0.3398366373876859,0.5829550903694777
779839471,corr+var,sfa,0.5944427412837339,0.7710011292363546
779839471,corr+var,pca,0.5216355274831715,0.7222433990582202
779839471,cov+corr,sfa,0.5944427412837329,0.7710011292363539
779839471,cov+corr,pca,0.5216355274831715,0.7222433990582202
781842082,edges-corr,sfa,0.8571544389695708,0.9258263546527344
781842082,edges-corr,pca,0.8073233583206203,0.8985117463453777
781842082,edges-corr-glob,sfa,0.525779757791523,0.7251067216565593
781842082,edges-corr-glob,pca,0.5259096847371754,0.7251963077244501
781842082,edges-cov-win,sfa,0.525779757791525,0.7251067216565606
781842082,edges-cov-win,pca,0.5131955668295188,0.716376693387996
781842082,edges-cov,sfa,0.525808279842202,0.7251263888745203
781842082,edges-cov,pca,0.5131998108686293,0.7163796555379203
781842082,node-var,sfa,0.5758115030738862,0.7588224450251101
781842082,node-var,pca,0.5412597770245823,0.7357035931844986
781842082,nodes,sfa,0.0045947858904419915,0.06778485000678243
781842082,nodes,pca,0.00040314722278063223,0.020078526409590725
781842082,node-delta,sfa,0.4864399822399196,0.6974524946115825
781842082,node-delta,pca,0.4661584626703295,0.6827579825020939
781842082,node-theta,sfa,0.6416523984689866,0.8010320832956609
781842082,node-theta,pca,0.4857420087086239,0.6969519414626979
781842082,node-beta,sfa,0.6462716088956374,0.8039101995220843
781842082,node-beta,pca,0.6170650119906037,0.7855348572728035
781842082,node-gamma,sfa,0.8040283823677895,0.8966762974272207
781842082,node-gamma,pca,0.7957731288600517,0.8920611687883582
781842082,cov+var,sfa,0.6690316851204811,0.8179435708656686
781842082,cov+var,pca,0.5256147571119156,0.7249929359048374
781842082,corr+var,sfa,0.8571544389695717,0.9258263546527349
781842082,corr+var,pca,0.8073233583206201,0.8985117463453776
781842082,cov+corr,sfa,0.8571544389695717,0.9258263546527349
781842082,cov+corr,pca,0.8073233583206201,0.8985117463453776
786091066,edges-corr,sfa,0.21111445505858506,0.45947193065364184
786091066,edges-corr,pca,0.09567407654758409,0.30931226381697846
786091066,edges-corr-glob,sfa,0.6453709219680394,0.8033498129507713
786091066,edges-corr-glob,pca,0.06389998631514994,0.2527844661270742
786091066,edges-cov-win,sfa,0.6453709219680398,0.8033498129507717
786091066,edges-cov-win,pca,0.053311585410694404,0.23089301724109026
786091066,edges-cov,sfa,0.6454232022466156,0.8033823512167887
786091066,edges-cov,pca,0.053156392741403206,0.23055670179242937
786091066,node-var,sfa,0.6053863646267073,0.7780657842539455
786091066,node-var,pca,0.4353297453201663,0.6597952298404152
786091066,nodes,sfa,0.00020760234449222702,0.014408412282143616
786091066,nodes,pca,0.0016416097026793084,0.04051678297544498
786091066,node-delta,sfa,0.48805513491305663,0.6986094294475681
786091066,node-delta,pca,0.4904482396616718,0.7003200979992448
786091066,node-theta,sfa,0.5862469210052123,0.7656676308981674
786091066,node-theta,pca,0.3227203790474498,0.5680848343755093
786091066,node-beta,sfa,0.2372825553719446,0.4871165726722348
786091066,node-beta,pca,0.11066955355875902,0.3326703376599107
786091066,node-gamma,sfa,0.351179625525722,0.5926041052217931
786091066,node-gamma,pca,0.38956835678720925,0.6241541130099274
786091066,cov+var,sfa,0.6095146549093841,0.7807141954066059
786091066,cov+var,pca,0.0262914273881203,0.16214631475343588
786091066,corr+var,sfa,0.21111445505857745,0.45947193065363356
786091066,corr+var,pca,0.09567407654758409,0.30931226381697846
786091066,cov+corr,sfa,0.21111445505856918,0.45947193065362457
786091066,cov+corr,pca,0.09567407654758404,0.3093122638169784
787025148,edges-corr,sfa,0.7178812411197953,0.847278726936889
787025148,edges-corr,pca,0.7863115391936784,0.886742092828393
787025148,edges-corr-glob,sfa,0.7606801026660444,0.8721697671130572
787025148,edges-corr-glob,pca,0.7250758891390402,0.851513880767096
787025148,edges-cov-win,sfa,0.7606801026660457,0.8721697671130579
787025148,edges-cov-win,pca,0.7190281283501085,0.8479552631773144
787025148,edges-cov,sfa,0.7606204220592162,0.8721355525715118
787025148,edges-cov,pca,0.7190315604529146,0.8479572869271863
787025148,node-var,sfa,0.6919489258481177,0.8318346745887176
787025148,node-var,pca,0.08219950766505169,0.2867045651276793
787025148,nodes,sfa,0.0003613214741600136,0.019008457963759544
787025148,nodes,pca,4.5968647293723254e-06,0.0021440300206322497
787025148,node-delta,sfa,0.674696309694698,0.8213989954307821
787025148,node-delta,pca,0.49690770231919107,0.7049168052466838
787025148,node-theta,sfa,0.5063864443219334,0.7116083503739493
787025148,node-theta,pca,0.288112115527907,0.5367607619115866
787025148,node-beta,sfa,0.35763668720120606,0.5980273298112772
787025148,node-beta,pca,0.2035403501255883,0.4511544637101447
787025148,node-gamma,sfa,0.508429321744928,0.7130423001091366
787025148,node-gamma,pca,0.5026455930409911,0.7089750299136007
787025148,cov+var,sfa,0.7543942178590215,0.8685587014468403
787025148,cov+var,pca,0.5062645124973655,0.711522671808401
787025148,corr+var,sfa,0.7178812411197957,0.8472787269368892
787025148,corr+var,pca,0.7863115391936784,0.886742092828393
787025148,cov+corr,sfa,0.7178812411198054,0.847278726936895
787025148,cov+corr,pca,0.7863115391936784,0.886742092828393
789848216,edges-corr,sfa,0.9124791406881262,0.9552377404018992
789848216,edges-corr,pca,0.7636620327346161,0.8738775845246382
789848216,edges-corr-glob,sfa,0.8668090124579181,0.931025785066084
789848216,edges-corr-glob,pca,0.6378871973275431,0.7986784066991814
789848216,edges-cov-win,sfa,0.8668090124579185,0.9310257850660842
789848216,edges-cov-win,pca,0.5811163155738693,0.7623098553566452
789848216,edges-cov,sfa,0.8669286749993682,0.9310900466653954
789848216,edges-cov,pca,0.5811310668076906,0.7623195306481991
789848216,node-var,sfa,0.7331466545622479,0.8562398347205343
789848216,node-var,pca,0.2774438817801376,0.5267294198923558
789848216,nodes,sfa,0.0017006471170929076,0.04123890295695204
789848216,nodes,pca,0.005107022168290669,0.07146343238531626
789848216,node-delta,sfa,0.760436756412609,0.8720302497119059
789848216,node-delta,pca,0.7099938626778074,0.8426113354790614
789848216,node-theta,sfa,0.575609805271287,0.7586895315419128
789848216,node-theta,pca,0.45962023713308664,0.6779529756060421
789848216,node-beta,sfa,0.7464651748242225,0.863982161172453
789848216,node-beta,pca,0.6034101907496476,0.7767948189513416
789848216,node-gamma,sfa,0.7679942510670674,0.8763528119810351
789848216,node-gamma,pca,0.5939294156079149,0.7706681617972257
789848216,cov+var,sfa,0.8611238200220652,0.9279675748764421
789848216,cov+var,pca,0.49762500095493906,0.7054254042455085
789848216,corr+var,sfa,0.9124791406881269,0.9552377404018996
789848216,corr+var,pca,0.7636620327346161,0.8738775845246382
789848216,cov+corr,sfa,0.9124791406881259,0.955237740401899
789848216,cov+corr,pca,0.7636620327346159,0.873877584524638
793224716,edges-corr,sfa,0.903831713858113,0.9507006436613541
793224716,edges-corr,pca,0.8939327835662838,0.9454801867655841
793224716,edges-corr-glob,sfa,0.5608060996441202,0.7488698816510918
793224716,edges-corr-glob,pca,0.546646133010539,0.7393552143662334
793224716,edges-cov-win,sfa,0.5608060996441215,0.7488698816510927
793224716,edges-cov-win,pca,0.5406480323301067,0.7352877207801765
793224716,edges-cov,sfa,0.5607709314714919,0.7488464004530515
793224716,edges-cov,pca,0.540640544949077,0.7352826292991539
793224716,node-var,sfa,0.5790753773308209,0.7609700239370937
793224716,node-var,pca,0.5718723381171478,0.7562224131280081
793224716,nodes,sfa,0.009746453741777896,0.098724129480983
793224716,nodes,pca,3.490039920627826e-05,0.005907655982390838
793224716,node-delta,sfa,0.499876442948996,0.7070194077597842
793224716,node-delta,pca,0.4986617916293369,0.7061598909803196
793224716,node-theta,sfa,0.7120896317155498,0.8438540346028748
793224716,node-theta,pca,0.5084969543954844,0.7130897239446691
793224716,node-beta,sfa,0.49426310327410267,0.7030384792272061
793224716,node-beta,pca,0.42882348950754834,0.6548461571297096
793224716,node-gamma,sfa,0.8217336852005035,0.9064952758842726
793224716,node-gamma,pca,0.8114352461286433,0.900797006061101
793224716,cov+var,sfa,0.6313130519005474,0.7945521077314863
793224716,cov+var,pca,0.5625356444823122,0.750023762611767
793224716,corr+var,sfa,0.9038317138581135,0.9507006436613543
793224716,corr+var,pca,0.8939327835662838,0.9454801867655841
793224716,cov+corr,sfa,0.9038317138581132,0.9507006436613542
793224716,cov+corr,pca,0.893932783566284,0.9454801867655842
794812542,edges-corr,sfa,0.739871451868707,0.860157806375497
794812542,edges-corr,pca,0.6875862702418577,0.8292082188701808
794812542,edges-corr-glob,sfa,0.6126724588962654,0.7827339643175486
794812542,edges-corr-glob,pca,0.5622692947436874,0.7498461807222114
794812542,edges-cov-win,sfa,0.6126724588962665,0.7827339643175493
794812542,edges-cov-win,pca,0.5544530639516543,0.7446160513658393
794812542,edges-cov,sfa,0.6126821301014367,0.7827401421298366
794812542,edges-cov,pca,0.5544618238024781,0.7446219334685744
794812542,node-var,sfa,0.5890910504303194,0.767522670955275
794812542,node-var,pca,0.5950894518909463,0.7714204118967467
794812542,nodes,sfa,0.0005178270637658863,0.022755813845386552
794812542,nodes,pca,2.511291218607142e-05,0.005011278498155079
794812542,node-delta,sfa,0.5286191394355311,0.727061991466705
794812542,node-delta,pca,0.5035227039586595,0.7095933370309078
794812542,node-theta,sfa,0.6516800099107325,0.8072670003850848
794812542,node-theta,pca,0.6439196371426459,0.8024460337883451
794812542,node-beta,sfa,0.6879936685570852,0.8294538375082035
794812542,node-beta,pca,0.6796540785772817,0.8244113527707401
794812542,node-gamma,sfa,0.5932970817105878,0.7702578021095196
794812542,node-gamma,pca,0.2300490596590926,0.47963429783439443
794812542,cov+var,sfa,0.6543029530946611,0.8088899511643479
794812542,cov+var,pca,0.5730651371659676,0.7570106585550613
794812542,corr+var,sfa,0.7398714518687213,0.8601578063755053
794812542,corr+var,pca,0.6875862702418577,0.8292082188701808
794812542,cov+corr,sfa,0.7398714518687215,0.8601578063755054
794812542,cov+corr,pca,0.6875862702418577,0.8292082188701808
816200189,edges-corr,sfa,0.6144491882919079,0.7838680936815249
816200189,edges-corr,pca,0.5339459047885459,0.7307160219870273
816200189,edges-corr-glob,sfa,0.3261174412232944,0.5710669323496979
816200189,edges-corr-glob,pca,0.32768835908383853,0.5724407035526374
816200189,edges-cov-win,sfa,0.3261174412232944,0.5710669323496979
816200189,edges-cov-win,pca,0.3303925840352997,0.574797863631468
816200189,edges-cov,sfa,0.3260524245401145,0.5710100038879481
816200189,edges-cov,pca,0.3303773727846978,0.5747846316531939
816200189,node-var,sfa,0.3377250826500148,0.5811411899444185
816200189,node-var,pca,0.3332424828913224,0.5772715850371664
816200189,nodes,sfa,2.427796169747194e-05,0.004927267163192183
816200189,nodes,pca,0.0011486498145719317,0.03389173667093399
816200189,node-delta,sfa,0.3387985222730859,0.5820640190503841
816200189,node-delta,pca,0.31114622995024654,0.5578048314152958
816200189,node-theta,sfa,0.3362976072844847,0.5799117236998099
816200189,node-theta,pca,0.31289616952887267,0.5593712269404574
816200189,node-beta,sfa,0.4183568143361348,0.6468050821817457
816200189,node-beta,pca,0.4076652988523256,0.6384867256664978
816200189,node-gamma,sfa,0.5947302536007117,0.7711875605847852
816200189,node-gamma,pca,0.5401275374918166,0.7349336959833973
816200189,cov+var,sfa,0.3521221177252406,0.5933987847352239
816200189,cov+var,pca,0.332861279622904,0.5769413138464813
816200189,corr+var,sfa,0.6144491882919073,0.7838680936815245
816200189,corr+var,pca,0.533945904788546,0.7307160219870275
816200189,cov+corr,sfa,0.6144491882919066,0.7838680936815241
816200189,cov+corr,pca,0.533945904788546,0.7307160219870275
829720705,edges-corr,sfa,0.3325886831293868,0.5767050226323565
829720705,edges-corr,pca,0.35959758474604986,0.5996645601884856
829720705,edges-corr-glob,sfa,0.38084673734164315,0.6171278128083705
829720705,edges-corr-glob,pca,0.3619843446439378,0.6016513480778862
829720705,edges-cov-win,sfa,0.38084673734164315,0.6171278128083705
829720705,edges-cov-win,pca,0.36279917441343784,0.6023281285258375
829720705,edges-cov,sfa,0.3808752812214434,0.6171509387673678
829720705,edges-cov,pca,0.3628104867892539,0.6023375189951676
829720705,node-var,sfa,0.382288008060976,0.6182944347646807
829720705,node-var,pca,0.3890047119007267,0.6237024225548004
829720705,nodes,sfa,0.0009402152173475431,0.030662929040578348
829720705,nodes,pca,0.0006573441174561851,0.02563872300751707
829720705,node-delta,sfa,0.3207877860825065,0.5663813080271157
829720705,node-delta,pca,0.3281996820036918,0.5728871459578159
829720705,node-theta,sfa,0.41614643321682276,0.6450941274084138
829720705,node-theta,pca,0.42877006253518385,0.6548053623292832
829720705,node-beta,sfa,0.39268288496346937,0.6266441453994998
829720705,node-beta,pca,0.387979672096476,0.6228801426410028
829720705,node-gamma,sfa,0.1408426953505988,0.37529014821947937
829720705,node-gamma,pca,0.03641516908049099,0.19082758993523707
829720705,cov+var,sfa,0.431080857710712,0.6565674814599882
829720705,cov+var,pca,0.3748673017311891,0.6122640784262858
829720705,corr+var,sfa,0.3325886831293907,0.5767050226323599
829720705,corr+var,pca,0.35959758474604997,0.5996645601884857
829720705,cov+corr,sfa,0.33258868312938833,0.5767050226323578
829720705,cov+corr,pca,0.35959758474604997,0.5996645601884857
831882777,edges-corr,sfa,0.03373275922804269,0.1836648012767898
831882777,edges-corr,pca,0.007395423085789589,0.0859966457822024
831882777,edges-corr-glob,sfa,0.29755936744665124,0.5454900250661338
831882777,edges-corr-glob,pca,0.09769970759068859,0.3125695244112717
831882777,edges-cov-win,sfa,0.29755936744665146,0.545490025066134
831882777,edges-cov-win,pca,0.25285332300662205,0.5028452276860367
831882777,edges-cov,sfa,0.2976286665792177,0.5455535414413674
831882777,edges-cov,pca,0.2528343452860807,0.5028263569922331
831882777,node-var,sfa,0.26992680393486373,0.5195448045499673
831882777,node-var,pca,0.2698010734065091,0.5194237897964523
831882777,nodes,sfa,0.0006998975551417545,0.026455577013963512
831882777,nodes,pca,0.00014010000302308896,0.011836384710843466
831882777,node-delta,sfa,0.06868391087913674,0.2620761547320487
831882777,node-delta,pca,0.07102911997134481,0.2665128889403753
831882777,node-theta,sfa,0.11572098954186127,0.3401778792659236
831882777,node-theta,pca,0.12990171929749042,0.3604188109650916
831882777,node-beta,sfa,0.2000927312943787,0.4473172602240816
831882777,node-beta,pca,0.2674320582340549,0.5171383356840362
831882777,node-gamma,sfa,0.11723551814536119,0.3423967262480195
831882777,node-gamma,pca,0.06599075127457113,0.25688665063519966
831882777,cov+var,sfa,0.26155387722361395,0.5114233835322882
831882777,cov+var,pca,0.270026772774101,0.5196410037459525
831882777,corr+var,sfa,0.25874813334984714,0.508672913914086
831882777,corr+var,pca,0.007395423085789298,0.0859966457822007
831882777,cov+corr,sfa,0.033732759228042364,0.1836648012767889
831882777,cov+corr,pca,0.007395423085789594,0.08599664578220242
835479236,edges-corr,sfa,0.13706439036136636,0.3702220824874799
835479236,edges-corr,pca,0.1094765341322481,0.3308723834535728
835479236,edges-corr-glob,sfa,3.58770223479564e-05,0.005989743095321902
835479236,edges-corr-glob,pca,0.0019483939068540663,0.04414061516170868
835479236,edges-cov-win,sfa,3.587702234798722e-05,0.0059897430953244745
835479236,edges-cov-win,pca,0.0005237003054098861,0.022884499238783575
835479236,edges-cov,sfa,2.240343141839089e-05,0.0047332263223292936
835479236,edges-cov,pca,0.0005096035353336715,0.02257439999941685
835479236,node-var,sfa,0.0012224836562027665,0.034964033751882326
835479236,node-var,pca,3.9319117036795315e-05,0.006270495756859685
835479236,nodes,sfa,0.0001322815604578142,0.011501372111961868
835479236,nodes,pca,0.0006036707894621817,0.024569712848590268
835479236,node-delta,sfa,0.1214141045108497,0.34844526759715033
835479236,node-delta,pca,0.0036256381549795574,0.0602132722493933
835479236,node-theta,sfa,0.039872094878956606,0.19967998116725824
835479236,node-theta,pca,0.010119920941547579,0.10059781777726383
835479236,node-beta,sfa,0.01147661592920001,0.10712896867421066
835479236,node-beta,pca,0.0005585843853505582,0.023634389887419522
835479236,node-gamma,sfa,0.005516929469057176,0.07427603563099727
835479236,node-gamma,pca,0.004445710677952519,0.06667616274166142
835479236,cov+var,sfa,0.014310542990948524,0.1196266817685274
835479236,cov+var,pca,1.7967677532773096e-06,0.001340435658014703
835479236,corr+var,sfa,0.01952661975874265,0.1397376819570965
835479236,corr+var,pca,0.10947653413224671,0.3308723834535707
835479236,cov+corr,sfa,0.03816363256808387,0.1953551447187503
835479236,cov+corr,pca,0.1094765341322477,0.33087238345357217
839068429,edges-corr,sfa,0.03188710671676596,0.17856961308343017
839068429,edges-corr,pca,0.003147398267716299,0.05610167794029247
839068429,edges-corr-glob,sfa,0.18106382004895114,0.4255159457046835
839068429,edges-corr-glob,pca,0.13627140630607984,0.36914957172679996
839068429,edges-cov-win,sfa,0.18106382004895172,0.42551594570468415
839068429,edges-cov-win,pca,0.13237887280737767,0.36383907542672994
839068429,edges-cov,sfa,0.18145486606412145,0.42597519418872437
839068429,edges-cov,pca,0.1324334805306274,0.3639141114749844
839068429,node-var,sfa,0.17642469631274704,0.42002939934336386
839068429,node-var,pca,0.1816713854982497,0.426229264009699
839068429,nodes,sfa,0.0002610712786618546,0.016157700290012022
839068429,nodes,pca,0.0003020960549168005,0.017380910646936785
839068429,node-delta,sfa,0.2487057948529453,0.4987041155364023
839068429,node-delta,pca,0.24971387059937797,0.4997137886824597
839068429,node-theta,sfa,0.07336483613425235,0.2708594398101206
839068429,node-theta,pca,0.02866344965544336,0.1693028341624657
839068429,node-beta,sfa,0.21764955635681082,0.46652926634543607
839068429,node-beta,pca,0.23171758212563334,0.4813705247786089
839068429,node-gamma,sfa,0.06621858956650725,0.2573297292706524
839068429,node-gamma,pca,0.06092321236105898,0.24682627972130314
839068429,cov+var,sfa,0.17833210895579865,0.4222938656383711
839068429,cov+var,pca,0.15587744958812833,0.3948131831488512
839068429,corr+var,sfa,0.031887106716765846,0.17856961308342986
839068429,corr+var,pca,0.0031473982677162936,0.05610167794029242
839068429,cov+corr,sfa,0.031887106716766214,0.1785696130834309
839068429,cov+corr,pca,0.0031473982677163153,0.05610167794029262
847657808,edges-corr,sfa,0.6085344929108993,0.7800862086403652
847657808,edges-corr,pca,0.45642726730775873,0.675594010710396
847657808,edges-corr-glob,sfa,0.3429557474278508,0.5856242373978819
847657808,edges-corr-glob,pca,0.3303637075769874,0.574772744288547
847657808,edges-cov-win,sfa,0.342955747427853,0.5856242373978838
847657808,edges-cov-win,pca,0.3627657758611993,0.6023004033380679
847657808,edges-cov,sfa,0.3410829808345782,0.5840230995727637
847657808,edges-cov,pca,0.36201780463937255,0.6016791542336933
847657808,node-var,sfa,0.5019399916975364,0.7084772344243225
847657808,node-var,pca,0.2652398488942338,0.5150144162003951
847657808,nodes,sfa,2.947846002200035e-06,0.0017169292362237982
847657808,nodes,pca,3.78150724575458e-05,0.0061493961051103056
847657808,node-delta,sfa,0.4735624863901705,0.6881587653951452
847657808,node-delta,pca,0.464463436034972,0.6815155435021067
847657808,node-theta,sfa,0.613875413838565,0.7835020190392397
847657808,node-theta,pca,0.43326965564896763,0.6582322201540788
847657808,node-beta,sfa,0.3358734033977819,0.5795458596157701
847657808,node-beta,pca,0.2668250934161132,0.5165511527584787
847657808,node-gamma,sfa,0.9223268851178172,0.9603785113786216
847657808,node-gamma,pca,0.9142188896261184,0.9561479433780729
847657808,cov+var,sfa,0.5576986321659064,0.7467922282441793
847657808,cov+var,pca,0.4419531167399716,0.6647955450662795
847657808,corr+var,sfa,0.6085344929108985,0.7800862086403646
847657808,corr+var,pca,0.4564272673077589,0.6755940107103962
847657808,cov+corr,sfa,0.608534492910899,0.7800862086403649
847657808,cov+corr,pca,0.456427267307759,0.6755940107103963
