pool,feature,method,cosine
3area,edges-corr,sfa,0.9959691381898129
3area,edges-corr,sfa,0.9943463786655877
3area,edges-corr,sfa,0.9990337699555161
3area,edges-corr,sfa,0.9968919269931791
3area,edges-corr,sfa,0.9995148238967133
3area,edges-corr,sfa,0.9990920143226245
3area,edges-corr,sfa,0.9984209868131955
3area,edges-corr,sfa,0.9989652262933305
3area,edges-corr,sfa,0.9879948016792557
3area,edges-corr,sfa,0.8291052474200495
3area,edges-corr,sfa,-0.9984908687466509
3area,edges-corr,sfa,-0.8928203044832352
3area,edges-corr,sfa,-0.9982284211000451
3area,edges-corr,sfa,0.9992801063539852
3area,edges-corr,sfa,0.9998589917640495
3area,edges-corr,sfa,0.9983922923884915
3area,edges-corr,sfa,0.9920489133909336
3area,edges-corr,sfa,0.9973127234378787
3area,edges-corr,sfa,0.998886103485607
3area,edges-corr,sfa,0.9989840708560148
3area,edges-corr,sfa,0.9966125714697036
3area,edges-corr,sfa,0.9702050005537204
3area,edges-corr,sfa,0.8758785582421338
3area,edges-corr,sfa,-0.9992804333109475
3area,edges-corr,sfa,-0.8491787411257662
3area,edges-corr,sfa,-0.998557660483342
3area,edges-corr,sfa,0.9972364398161455
3area,edges-corr,sfa,0.9973247288951362
3area,edges-corr,sfa,0.9900466938004207
3area,edges-corr,sfa,0.9959554495657694
3area,edges-corr,sfa,0.9979642171757896
3area,edges-corr,sfa,0.9981357825454028
3area,edges-corr,sfa,0.9951747783081503
3area,edges-corr,sfa,0.9661089770004845
3area,edges-corr,sfa,0.8837830155643392
3area,edges-corr,sfa,-0.9985082165467397
3area,edges-corr,sfa,-0.8402093827796533
3area,edges-corr,sfa,-0.9976332965231923
3area,edges-corr,sfa,0.9958867927078846
3area,edges-corr,sfa,0.9973433308558002
3area,edges-corr,sfa,0.9998483477291971
3area,edges-corr,sfa,0.9997442153801305
3area,edges-corr,sfa,0.999909752722853
3area,edges-corr,sfa,0.9996382316790783
3area,edges-corr,sfa,0.9809359859414032
3area,edges-corr,sfa,0.8489332404934283
3area,edges-corr,sfa,-0.9998136667115045
3area,edges-corr,sfa,-0.8764545266570403
3area,edges-corr,sfa,-0.9998706198765974
3area,edges-corr,sfa,0.9998434684892608
3area,edges-corr,sfa,0.9980648231391008
3area,edges-corr,sfa,0.9956283523941072
3area,edges-corr,sfa,0.9966652214907618
3area,edges-corr,sfa,0.9989338844397383
3area,edges-corr,sfa,0.9853171495732101
3area,edges-corr,sfa,0.8197958367373674
3area,edges-corr,sfa,-0.9958035213233031
3area,edges-corr,sfa,-0.8988295639879456
3area,edges-corr,sfa,-0.9973729436515714
3area,edges-corr,sfa,0.998382324169336
3area,edges-corr,sfa,0.9994849644313979
3area,edges-corr,sfa,0.9995256708317316
3area,edges-corr,sfa,0.9998380234784706
3area,edges-corr,sfa,0.9840724979569444
3area,edges-corr,sfa,0.8396016189434559
3area,edges-corr,sfa,-0.9993734986471419
3area,edges-corr,sfa,-0.8847044756611726
3area,edges-corr,sfa,-0.9995436516931714
3area,edges-corr,sfa,0.9999721154490828
3area,edges-corr,sfa,0.9997032401681413
3area,edges-corr,sfa,0.9988709238381195
3area,edges-corr,sfa,0.9805342097320612
3area,edges-corr,sfa,0.852146603835921
3area,edges-corr,sfa,-0.9998758252241039
3area,edges-corr,sfa,-0.8730163234261411
3area,edges-corr,sfa,-0.9994041735933036
3area,edges-corr,sfa,0.9993283464148776
3area,edges-corr,sfa,0.999305880984844
3area,edges-corr,sfa,0.978258228905934
3area,edges-corr,sfa,0.8558984231106175
3area,edges-corr,sfa,-0.9999294472530091
3area,edges-corr,sfa,-0.8699673497112319
3area,edges-corr,sfa,-0.9999339378436922
3area,edges-corr,sfa,0.9995496571067389
3area,edges-corr,sfa,0.9835577037632419
3area,edges-corr,sfa,0.8378291250476501
3area,edges-corr,sfa,-0.9989414991570493
3area,edges-corr,sfa,-0.8860452997670772
3area,edges-corr,sfa,-0.9995288533487828
3area,edges-corr,sfa,0.9999372062391183
3area,edges-corr,sfa,0.7334121325874381
3area,edges-corr,sfa,-0.9780897394333101
3area,edges-corr,sfa,-0.9500402119136037
3area,edges-corr,sfa,-0.9783244174922793
3area,edges-corr,sfa,0.9834755469846038
3area,edges-corr,sfa,-0.8576055478326142
3area,edges-corr,sfa,-0.48959592118813194
3area,edges-corr,sfa,-0.854049094467017
3area,edges-corr,sfa,0.8402400650436866
3area,edges-corr,sfa,0.8682069500749251
3area,edges-corr,sfa,0.9997268677240929
3area,edges-corr,sfa,-0.9993177056796572
3area,edges-corr,sfa,0.8716324985709133
3area,edges-corr,sfa,-0.884144999067823
3area,edges-corr,sfa,-0.9996442805082275
3area,edges-corr,pca,0.9968379580113897
3area,edges-corr,pca,0.9995628345715243
3area,edges-corr,pca,-0.9996260240659758
3area,edges-corr,pca,0.9955630405893213
3area,edges-corr,pca,-0.9948499340599771
3area,edges-corr,pca,-0.9997242715317604
3area,edges-corr,pca,-0.9975324566534365
3area,edges-corr,pca,-0.99941584889808
3area,edges-corr,pca,0.9951011023370852
3area,edges-corr,pca,-0.9958651465837988
3area,edges-corr,pca,-0.999365356406183
3area,edges-corr,pca,-0.9924902180739744
3area,edges-corr,pca,0.9993021006125185
3area,edges-corr,pca,0.9994218163041227
3area,edges-corr,pca,0.9986887295226241
3area,edges-corr,pca,-0.9978109083350433
3area,edges-corr,pca,0.9920399509584796
3area,edges-corr,pca,-0.9920383810803333
3area,edges-corr,pca,-0.9976664863299539
3area,edges-corr,pca,-0.9925919929891855
3area,edges-corr,pca,-0.9969690573305144
3area,edges-corr,pca,0.990345688762388
3area,edges-corr,pca,-0.9969928655366457
3area,edges-corr,pca,-0.9978367556650253
3area,edges-corr,pca,-0.9871057315365022
3area,edges-corr,pca,0.9955508245624578
3area,edges-corr,pca,0.9967417816933702
3area,edges-corr,pca,-0.999822138387467
3area,edges-corr,pca,0.995630051337007
3area,edges-corr,pca,-0.9952236287338875
3area,edges-corr,pca,-0.9998153658688128
3area,edges-corr,pca,-0.9969010886918248
3area,edges-corr,pca,-0.9994611713820174
3area,edges-corr,pca,0.993426454413394
3area,edges-corr,pca,-0.9964816468177985
3area,edges-corr,pca,-0.9997169062705141
3area,edges-corr,pca,-0.9920509473793222
3area,edges-corr,pca,0.9988995862919283
3area,edges-corr,pca,0.9993859640902961
3area,edges-corr,pca,-0.9971285610261097
3area,edges-corr,pca,0.9967234794886719
3area,edges-corr,pca,0.9999921311195219
3area,edges-corr,pca,0.9982067288119569
3area,edges-corr,pca,0.9999021381906025
3area,edges-corr,pca,-0.9923084058207751
3area,edges-corr,pca,0.9948329135289812
3area,edges-corr,pca,0.9999643279133211
3area,edges-corr,pca,0.9941955989553319
3area,edges-corr,pca,-0.9995882586166294
3area,edges-corr,pca,-0.9998687890144066
3area,edges-corr,pca,-0.9999333134806575
3area,edges-corr,pca,-0.9970025485200172
3area,edges-corr,pca,-0.9994631340069673
3area,edges-corr,pca,-0.9980380508248241
3area,edges-corr,pca,0.9816874382894637
3area,edges-corr,pca,-0.9843147601616906
3area,edges-corr,pca,-0.9975699519866561
3area,edges-corr,pca,-0.9994046717087668
3area,edges-corr,pca,0.9983434341301067
3area,edges-corr,pca,0.9981033393236537
3area,edges-corr,pca,0.9965516852052733
3area,edges-corr,pca,0.9990362011906492
3area,edges-corr,pca,0.997645988747302
3area,edges-corr,pca,-0.9800913699691006
3area,edges-corr,pca,0.9835512814047026
3area,edges-corr,pca,0.9972528583089557
3area,edges-corr,pca,0.999312566536624
3area,edges-corr,pca,-0.9978313474544507
3area,edges-corr,pca,-0.9976886045945779
3area,edges-corr,pca,0.9982047013713727
3area,edges-corr,pca,0.9998893583305919
3area,edges-corr,pca,-0.9927132157222411
3area,edges-corr,pca,0.994952109445114
3area,edges-corr,pca,0.9999261045936736
3area,edges-corr,pca,0.9940776462778316
3area,edges-corr,pca,-0.9996163517378175
3area,edges-corr,pca,-0.9998637347050704
3area,edges-corr,pca,0.9989411273856446
3area,edges-corr,pca,-0.9866647388508277
3area,edges-corr,pca,0.9873304245363772
3area,edges-corr,pca,0.998373939541279
3area,edges-corr,pca,0.9985922911310529
3area,edges-corr,pca,-0.9994382089050171
3area,edges-corr,pca,-0.9990452547276943
3area,edges-corr,pca,-0.9911471342156142
3area,edges-corr,pca,0.9933533663460508
3area,edges-corr,pca,0.9999257885651098
3area,edges-corr,pca,0.9955811306497737
3area,edges-corr,pca,-0.9998585791309851
3area,edges-corr,pca,-0.9999955754980713
3area,edges-corr,pca,-0.9969785823975726
3area,edges-corr,pca,-0.9912370459326396
3area,edges-corr,pca,-0.9766839192829667
3area,edges-corr,pca,0.9910151879190598
3area,edges-corr,pca,0.9911656559718804
3area,edges-corr,pca,0.9942077983506626
3area,edges-corr,pca,0.9781551612502671
3area,edges-corr,pca,-0.9920906480707136
3area,edges-corr,pca,-0.9931659134916074
3area,edges-corr,pca,0.9947443608951415
3area,edges-corr,pca,-0.9995806251901737
3area,edges-corr,pca,-0.9998855829941853
3area,edges-corr,pca,-0.9963644087130227
3area,edges-corr,pca,-0.9957276331438022
3area,edges-corr,pca,0.999904108223998
3area,node-gamma,sfa,0.9998234739667767
3area,node-gamma,sfa,0.9999810055151468
3area,node-gamma,sfa,0.9997074480143053
3area,node-gamma,sfa,-0.9999163706259895
3area,node-gamma,sfa,0.9999679480068769
3area,node-gamma,sfa,0.9997366881406207
3area,node-gamma,sfa,0.9997491280309477
3area,node-gamma,sfa,0.9988288875480242
3area,node-gamma,sfa,0.9995228702409268
3area,node-gamma,sfa,0.9996275925242326
3area,node-gamma,sfa,0.9992228264529613
3area,node-gamma,sfa,0.9965483526820124
3area,node-gamma,sfa,-0.9996983241254102
3area,node-gamma,sfa,0.9998869685284887
3area,node-gamma,sfa,0.999698572024682
3area,node-gamma,sfa,0.9999230575023695
3area,node-gamma,sfa,-0.9995297665027787
3area,node-gamma,sfa,0.9996691924545243
3area,node-gamma,sfa,0.9992667905510555
3area,node-gamma,sfa,0.9999707843748402
3area,node-gamma,sfa,0.9987457221681219
3area,node-gamma,sfa,0.9993226960046266
3area,node-gamma,sfa,0.9998357019101878
3area,node-gamma,sfa,0.998326693332819
3area,node-gamma,sfa,0.9979228012076131
3area,node-gamma,sfa,-0.9991714719546115
3area,node-gamma,sfa,0.999966774704462
3area,node-gamma,sfa,0.9995403444824006
3area,node-gamma,sfa,-0.9999442110022778
3area,node-gamma,sfa,0.9999739930555795
3area,node-gamma,sfa,0.9997638166223807
3area,node-gamma,sfa,0.999592602348219
3area,node-gamma,sfa,0.9986619957475198
3area,node-gamma,sfa,0.9995879362754834
3area,node-gamma,sfa,0.9995382197028122
3area,node-gamma,sfa,0.9993966194139389
3area,node-gamma,sfa,0.9960869535640532
3area,node-gamma,sfa,-0.9997446077733135
3area,node-gamma,sfa,0.9997753225709536
3area,node-gamma,sfa,-0.9994699627136084
3area,node-gamma,sfa,0.9995967141414099
3area,node-gamma,sfa,0.9993239337269372
3area,node-gamma,sfa,0.9999875851723649
3area,node-gamma,sfa,0.9992286943876932
3area,node-gamma,sfa,0.9988266924073517
3area,node-gamma,sfa,0.9995415609264802
3area,node-gamma,sfa,0.9982447320131073
3area,node-gamma,sfa,0.9978675678607187
3area,node-gamma,sfa,-0.9992121847557307
3area,node-gamma,sfa,0.9999564219927383
3area,node-gamma,sfa,-0.9999873898077711
3area,node-gamma,sfa,-0.9999369471123575
3area,node-gamma,sfa,-0.9994757277237099
3area,node-gamma,sfa,-0.9990026343661412
3area,node-gamma,sfa,-0.9992528768896901
3area,node-gamma,sfa,-0.9991978547918768
3area,node-gamma,sfa,-0.9996279704666744
3area,node-gamma,sfa,-0.9954832819348
3area,node-gamma,sfa,0.9999271022762606
3area,node-gamma,sfa,-0.9996918807666327
3area,node-gamma,sfa,0.9998847037280788
3area,node-gamma,sfa,0.9996130919487355
3area,node-gamma,sfa,0.9989892173124985
3area,node-gamma,sfa,0.9993550281514921
3area,node-gamma,sfa,0.9993781670464492
3area,node-gamma,sfa,0.9994833716922331
3area,node-gamma,sfa,0.9959371695701708
3area,node-gamma,sfa,-0.9998621976496589
3area,node-gamma,sfa,0.9997956687387465
3area,node-gamma,sfa,0.9992769710365152
3area,node-gamma,sfa,0.9992976270939629
3area,node-gamma,sfa,0.9987605348169323
3area,node-gamma,sfa,0.9987412942097433
3area,node-gamma,sfa,0.999714149162664
3area,node-gamma,sfa,0.9948445140016402
3area,node-gamma,sfa,-0.9999950605780055
3area,node-gamma,sfa,0.9995169219870705
3area,node-gamma,sfa,0.9990326164002706
3area,node-gamma,sfa,0.9990213995108843
3area,node-gamma,sfa,0.9996795624530901
3area,node-gamma,sfa,0.998227839597457
3area,node-gamma,sfa,0.9979808905588627
3area,node-gamma,sfa,-0.9991683632160817
3area,node-gamma,sfa,0.9999710634313499
3area,node-gamma,sfa,0.996860758857546
3area,node-gamma,sfa,0.9976897762428559
3area,node-gamma,sfa,0.9983098419130214
3area,node-gamma,sfa,0.9953529098944701
3area,node-gamma,sfa,-0.9992044030449719
3area,node-gamma,sfa,0.9990878327861772
3area,node-gamma,sfa,0.9996817835788948
3area,node-gamma,sfa,0.9985077269050673
3area,node-gamma,sfa,0.9962491736561728
3area,node-gamma,sfa,-0.9987515875139445
3area,node-gamma,sfa,0.9991975891771249
3area,node-gamma,sfa,0.9978989607682711
3area,node-gamma,sfa,0.9980302061824967
3area,node-gamma,sfa,-0.9986558457189034
3area,node-gamma,sfa,0.999679740733372
3area,node-gamma,sfa,0.9925285016882868
3area,node-gamma,sfa,-0.9997842511627526
3area,node-gamma,sfa,0.9986460352656462
3area,node-gamma,sfa,-0.994563655785216
3area,node-gamma,sfa,0.9975039038377522
3area,node-gamma,sfa,-0.9994319683757128
3area,node-gamma,pca,0.9997503239693812
3area,node-gamma,pca,0.9998063030133876
3area,node-gamma,pca,0.9996386322039799
3area,node-gamma,pca,-0.9991109515007255
3area,node-gamma,pca,0.9997827487765036
3area,node-gamma,pca,0.9997258696936042
3area,node-gamma,pca,0.9996988138126174
3area,node-gamma,pca,0.9945384486444853
3area,node-gamma,pca,0.9999547183989186
3area,node-gamma,pca,0.9995973897780912
3area,node-gamma,pca,0.9997938589128701
3area,node-gamma,pca,0.9993002285105445
3area,node-gamma,pca,-0.9997180879677089
3area,node-gamma,pca,0.9997339173975806
3area,node-gamma,pca,0.999924402464629
3area,node-gamma,pca,0.9999209380934168
3area,node-gamma,pca,-0.9994990019156272
3area,node-gamma,pca,0.9998818744449186
3area,node-gamma,pca,0.9998221442832554
3area,node-gamma,pca,0.9999326199531403
3area,node-gamma,pca,0.9962290150107673
3area,node-gamma,pca,0.9995083553221338
3area,node-gamma,pca,0.9994183851826067
3area,node-gamma,pca,0.9996762690308632
3area,node-gamma,pca,0.9998864646433886
3area,node-gamma,pca,-0.9998887658757617
3area,node-gamma,pca,0.999933415400646
3area,node-gamma,pca,0.9999715617437668
3area,node-gamma,pca,-0.9997219891424187
3area,node-gamma,pca,0.9999950772433278
3area,node-gamma,pca,0.9999765912707852
3area,node-gamma,pca,0.9999862796945493
3area,node-gamma,pca,0.9963998936374955
3area,node-gamma,pca,0.9995771354371208
3area,node-gamma,pca,0.9997601265193411
3area,node-gamma,pca,0.99990713033639
3area,node-gamma,pca,0.9997179806870949
3area,node-gamma,pca,-0.999990401640191
3area,node-gamma,pca,0.9999932275953101
3area,node-gamma,pca,-0.9998166729353721
3area,node-gamma,pca,0.9999655210824074
3area,node-gamma,pca,0.9999524592737312
3area,node-gamma,pca,0.9999972367576737
3area,node-gamma,pca,0.9969689231195092
3area,node-gamma,pca,0.9993386719742403
3area,node-gamma,pca,0.9996635099837096
3area,node-gamma,pca,0.9998158241042355
3area,node-gamma,pca,0.9998245540220827
3area,node-gamma,pca,-0.9999855209652719
3area,node-gamma,pca,0.9999924479911467
3area,node-gamma,pca,-0.9997679712360579
3area,node-gamma,pca,-0.9998239102545833
3area,node-gamma,pca,-0.9997868810718757
3area,node-gamma,pca,-0.9979300557413106
3area,node-gamma,pca,-0.9987023505324415
3area,node-gamma,pca,-0.999673977220717
3area,node-gamma,pca,-0.9996764765149662
3area,node-gamma,pca,-0.9994667933286023
3area,node-gamma,pca,0.9998156568496613
3area,node-gamma,pca,-0.9997698572682111
3area,node-gamma,pca,0.9999929546364535
3area,node-gamma,pca,0.9999793544549198
3area,node-gamma,pca,0.9964779563444535
3area,node-gamma,pca,0.9995501392984047
3area,node-gamma,pca,0.9998190691197005
3area,node-gamma,pca,0.9999372347370767
3area,node-gamma,pca,0.9996614964767293
3area,node-gamma,pca,-0.9999946454094288
3area,node-gamma,pca,0.9999867974314469
3area,node-gamma,pca,0.9999631817905359
3area,node-gamma,pca,0.9966278298070615
3area,node-gamma,pca,0.9994808299925767
3area,node-gamma,pca,0.9998675796840361
3area,node-gamma,pca,0.999952474890849
3area,node-gamma,pca,0.99959839906918
3area,node-gamma,pca,-0.99998972518372
3area,node-gamma,pca,0.999969816243821
3area,node-gamma,pca,0.9967881468214312
3area,node-gamma,pca,0.9994212148135903
3area,node-gamma,pca,0.9996913643834655
3area,node-gamma,pca,0.9998456394663803
3area,node-gamma,pca,0.999803889025619
3area,node-gamma,pca,-0.9999917945351757
3area,node-gamma,pca,0.9999987854890906
3area,node-gamma,pca,0.9935198894304542
3area,node-gamma,pca,0.9960475413517109
3area,node-gamma,pca,0.9959728128398245
3area,node-gamma,pca,0.9970652897239135
3area,node-gamma,pca,-0.99673059284561
3area,node-gamma,pca,0.9966743507139062
3area,node-gamma,pca,0.999422382363984
3area,node-gamma,pca,0.999626343668489
3area,node-gamma,pca,0.9989271436635383
3area,node-gamma,pca,-0.999454859007349
3area,node-gamma,pca,0.9994707962979225
3area,node-gamma,pca,0.9999577199885593
3area,node-gamma,pca,0.9990050349885468
3area,node-gamma,pca,-0.9997835783079938
3area,node-gamma,pca,0.9997140636324565
3area,node-gamma,pca,0.9993076671255949
3area,node-gamma,pca,-0.99990461619594
3area,node-gamma,pca,0.9998664697336705
3area,node-gamma,pca,-0.9997163587128657
3area,node-gamma,pca,0.9997816602036954
3area,node-gamma,pca,-0.9999941404268577
4area,edges-corr,sfa,0.997090337931699
4area,edges-corr,sfa,0.9994101122077856
4area,edges-corr,sfa,0.9964108239109105
4area,edges-corr,sfa,0.9937958917696207
4area,edges-corr,sfa,0.9976439754948341
4area,edges-corr,sfa,0.9990376349684097
4area,edges-corr,sfa,0.9860456269089576
4area,edges-corr,sfa,0.9947596637811387
4area,edges-corr,sfa,0.997739703530177
4area,edges-corr,sfa,0.9979988093075894
4area,edges-corr,sfa,0.9367662569099324
4area,edges-corr,sfa,0.9992879229956566
4area,edges-corr,sfa,0.9945567719916609
4area,edges-corr,sfa,0.9917058163752631
4area,edges-corr,sfa,0.984892383148718
4area,edges-corr,sfa,0.9911031837319826
4area,edges-corr,sfa,0.9945917242848449
4area,edges-corr,sfa,0.9735964146268852
4area,edges-corr,sfa,0.9907319959974727
4area,edges-corr,sfa,0.9907519150315224
4area,edges-corr,sfa,0.9963715338322734
4area,edges-corr,sfa,0.9508372724528719
4area,edges-corr,sfa,0.9955417482175454
4area,edges-corr,sfa,0.997865810767436
4area,edges-corr,sfa,0.9967485140154538
4area,edges-corr,sfa,0.9990882329376195
4area,edges-corr,sfa,0.9993785951181429
4area,edges-corr,sfa,0.9910979518142604
4area,edges-corr,sfa,0.9944380647561125
4area,edges-corr,sfa,0.9985704935490479
4area,edges-corr,sfa,0.9969070780451645
4area,edges-corr,sfa,0.9254789196367293
4area,edges-corr,sfa,0.9983163980643638
4area,edges-corr,sfa,0.9960718642854745
4area,edges-corr,sfa,0.9986637619644306
4area,edges-corr,sfa,0.9983406340136275
4area,edges-corr,sfa,0.9929074230282293
4area,edges-corr,sfa,0.9921860304018698
4area,edges-corr,sfa,0.9938862123404819
4area,edges-corr,sfa,0.9957365358773879
4area,edges-corr,sfa,0.9079381465092735
4area,edges-corr,sfa,0.9930757188170801
4area,edges-corr,sfa,0.9978356532772362
4area,edges-corr,sfa,0.9955013014416405
4area,edges-corr,sfa,0.9977382164065917
4area,edges-corr,sfa,0.986783568202287
4area,edges-corr,sfa,0.9970141638675888
4area,edges-corr,sfa,0.9892291686496295
4area,edges-corr,sfa,0.8968893513770836
4area,edges-corr,sfa,0.9918827938616354
4area,edges-corr,sfa,0.99942351853258
4area,edges-corr,sfa,0.9941022816131777
4area,edges-corr,sfa,0.9911082115615563
4area,edges-corr,sfa,0.9973043794234183
4area,edges-corr,sfa,0.9964252663277707
4area,edges-corr,sfa,0.9109213568817486
4area,edges-corr,sfa,0.9958351562921868
4area,edges-corr,sfa,0.9899790365058302
4area,edges-corr,sfa,0.9926675963827752
4area,edges-corr,sfa,0.9969339770957273
4area,edges-corr,sfa,0.9986155142177221
4area,edges-corr,sfa,0.9225231712729156
4area,edges-corr,sfa,0.9974642214060457
4area,edges-corr,sfa,0.9808691085025351
4area,edges-corr,sfa,0.9907921092886709
4area,edges-corr,sfa,0.9818392238173427
4area,edges-corr,sfa,0.8690766940610811
4area,edges-corr,sfa,0.9832200051676623
4area,edges-corr,sfa,0.9916978589490146
4area,edges-corr,sfa,0.9912414054198752
4area,edges-corr,sfa,0.9371294755068682
4area,edges-corr,sfa,0.9944927329023883
4area,edges-corr,sfa,0.9928673852924643
4area,edges-corr,sfa,0.9254496782914107
4area,edges-corr,sfa,0.998113705105125
4area,edges-corr,sfa,0.9325839201205345
4area,edges-corr,sfa,0.9964501863081607
4area,edges-corr,sfa,0.9431274595519361
4area,edges-corr,pca,0.999591166291375
4area,edges-corr,pca,0.9997914335617762
4area,edges-corr,pca,0.9997005119944574
4area,edges-corr,pca,0.9999707465511131
4area,edges-corr,pca,0.9986620794024905
4area,edges-corr,pca,0.9997640142553841
4area,edges-corr,pca,0.9995970209991183
4area,edges-corr,pca,0.9970281474328158
4area,edges-corr,pca,0.9996206978485788
4area,edges-corr,pca,0.9988205307727946
4area,edges-corr,pca,0.9958708744348707
4area,edges-corr,pca,0.9993046807788288
4area,edges-corr,pca,0.9997497321229625
4area,edges-corr,pca,0.9994275440558685
4area,edges-corr,pca,0.9995865943833966
4area,edges-corr,pca,0.9971824177843988
4area,edges-corr,pca,0.9992511495010956
4area,edges-corr,pca,0.9998344828683303
4area,edges-corr,pca,0.9950053110921137
4area,edges-corr,pca,0.9992235831077373
4area,edges-corr,pca,0.9989325429582891
4area,edges-corr,pca,0.9959469420085476
4area,edges-corr,pca,0.9997432684666524
4area,edges-corr,pca,0.999370414015722
4area,edges-corr,pca,0.9997086801587314
4area,edges-corr,pca,0.9979643867415093
4area,edges-corr,pca,0.9994893973391613
4area,edges-corr,pca,0.999850069312335
4area,edges-corr,pca,0.995294603084665
4area,edges-corr,pca,0.9996968222021446
4area,edges-corr,pca,0.9990602410043216
4area,edges-corr,pca,0.9952856562688439
4area,edges-corr,pca,0.9994648231855129
4area,edges-corr,pca,0.9996699872733871
4area,edges-corr,pca,0.9979308568720794
4area,edges-corr,pca,0.9997747957136187
4area,edges-corr,pca,0.9995450297679851
4area,edges-corr,pca,0.997240454451163
4area,edges-corr,pca,0.999380952752636
4area,edges-corr,pca,0.9990368807522352
4area,edges-corr,pca,0.9948358106823981
4area,edges-corr,pca,0.9987431961247033
4area,edges-corr,pca,0.9988170508440368
4area,edges-corr,pca,0.9997894433988559
4area,edges-corr,pca,0.9994848793711694
4area,edges-corr,pca,0.997070566212841
4area,edges-corr,pca,0.9994274737264688
4area,edges-corr,pca,0.998877020252211
4area,edges-corr,pca,0.9958634317417355
4area,edges-corr,pca,0.9994167573888634
4area,edges-corr,pca,0.9988824479966223
4area,edges-corr,pca,0.9971068651180001
4area,edges-corr,pca,0.9974356437313958
4area,edges-corr,pca,0.9976105776360131
4area,edges-corr,pca,0.99742433246519
4area,edges-corr,pca,0.9928165520253223
4area,edges-corr,pca,0.99748027108676
4area,edges-corr,pca,0.9993814693799966
4area,edges-corr,pca,0.9970527277815239
4area,edges-corr,pca,0.9993495893114023
4area,edges-corr,pca,0.9993991010305177
4area,edges-corr,pca,0.9939285842925389
4area,edges-corr,pca,0.9988455857688163
4area,edges-corr,pca,0.9949723951596565
4area,edges-corr,pca,0.9996217637219729
4area,edges-corr,pca,0.9991709995846854
4area,edges-corr,pca,0.9949373683716329
4area,edges-corr,pca,0.9992679919483466
4area,edges-corr,pca,0.9959275867184242
4area,edges-corr,pca,0.9940610833682955
4area,edges-corr,pca,0.9937167282976246
4area,edges-corr,pca,0.9944110783627553
4area,edges-corr,pca,0.9987299175466815
4area,edges-corr,pca,0.9949734534275098
4area,edges-corr,pca,0.9985214149587875
4area,edges-corr,pca,0.9913373862734571
4area,edges-corr,pca,0.9984577571341738
4area,edges-corr,pca,0.9962380207467165
4area,node-gamma,sfa,0.9988619294097895
4area,node-gamma,sfa,0.9997705707896
4area,node-gamma,sfa,0.9978471202037569
4area,node-gamma,sfa,-0.9997131237397536
4area,node-gamma,sfa,0.998433041139813
4area,node-gamma,sfa,0.9978119570918984
4area,node-gamma,sfa,0.9993199544577661
4area,node-gamma,sfa,0.9980809401115336
4area,node-gamma,sfa,0.998161234772719
4area,node-gamma,sfa,0.9987549432739885
4area,node-gamma,sfa,0.9937155268755551
4area,node-gamma,sfa,0.9996583357373658
4area,node-gamma,sfa,0.9992588902377764
4area,node-gamma,sfa,0.9997081408873577
4area,node-gamma,sfa,-0.9991959464644357
4area,node-gamma,sfa,0.9997652505850156
4area,node-gamma,sfa,0.9997739848238666
4area,node-gamma,sfa,0.9984697778412074
4area,node-gamma,sfa,0.998846273791187
4area,node-gamma,sfa,0.9995975742845458
4area,node-gamma,sfa,0.9977778008305871
4area,node-gamma,sfa,0.9976746349834648
4area,node-gamma,sfa,0.9976322648208922
4area,node-gamma,sfa,0.9983810977223718
4area,node-gamma,sfa,-0.999973463535513
4area,node-gamma,sfa,0.9991418888121959
4area,node-gamma,sfa,0.998398999007919
4area,node-gamma,sfa,0.9987887231333498
4area,node-gamma,sfa,0.9990062179753496
4area,node-gamma,sfa,0.9985330687469994
4area,node-gamma,sfa,0.999296873243025
4area,node-gamma,sfa,0.9943313137059415
4area,node-gamma,sfa,0.9991374513911044
4area,node-gamma,sfa,-0.9984390791550689
4area,node-gamma,sfa,0.9997527939946992
4area,node-gamma,sfa,0.9999770877989873
4area,node-gamma,sfa,0.9981562457951391
4area,node-gamma,sfa,0.997760730702152
4area,node-gamma,sfa,0.9989271278267907
4area,node-gamma,sfa,0.9971213727049713
4area,node-gamma,sfa,0.9982628467403732
4area,node-gamma,sfa,0.996011701357739
4area,node-gamma,sfa,-0.9992118939946055
4area,node-gamma,sfa,-0.9984156454980234
4area,node-gamma,sfa,-0.9988883168838598
4area,node-gamma,sfa,-0.9988100889237644
4area,node-gamma,sfa,-0.9982680382195722
4area,node-gamma,sfa,-0.9994980271008068
4area,node-gamma,sfa,-0.9941458465385477
4area,node-gamma,sfa,-0.998949493708079
4area,node-gamma,sfa,0.9997573696782768
4area,node-gamma,sfa,0.9981453387129979
4area,node-gamma,sfa,0.9987159165277537
4area,node-gamma,sfa,0.998892646567111
4area,node-gamma,sfa,0.9983915657105095
4area,node-gamma,sfa,0.9970674972327798
4area,node-gamma,sfa,0.9968168725905107
4area,node-gamma,sfa,0.9979215186691341
4area,node-gamma,sfa,0.9980486163577853
4area,node-gamma,sfa,0.9991651871144275
4area,node-gamma,sfa,0.9970002998652272
4area,node-gamma,sfa,0.9984517193118841
4area,node-gamma,sfa,0.996046335457523
4area,node-gamma,sfa,0.9959670335942122
4area,node-gamma,sfa,0.9971799392393393
4area,node-gamma,sfa,0.9978469753639803
4area,node-gamma,sfa,0.9942082746473873
4area,node-gamma,sfa,0.9984109090452351
4area,node-gamma,sfa,0.9989473477902097
4area,node-gamma,sfa,0.997838110002809
4area,node-gamma,sfa,0.9950552992778232
4area,node-gamma,sfa,0.997424134972696
4area,node-gamma,sfa,0.9961499795016694
4area,node-gamma,sfa,0.9980549726274321
4area,node-gamma,sfa,0.9973214121020593
4area,node-gamma,sfa,0.9912317746152475
4area,node-gamma,sfa,0.9977765539387908
4area,node-gamma,sfa,0.9916160043138964
4area,node-gamma,pca,0.9994003520885751
4area,node-gamma,pca,0.9999003012379949
4area,node-gamma,pca,0.9997833710860118
4area,node-gamma,pca,-0.9993981985859101
4area,node-gamma,pca,0.999869423227546
4area,node-gamma,pca,0.9998169400996249
4area,node-gamma,pca,0.9958103004746913
4area,node-gamma,pca,0.9990395820575106
4area,node-gamma,pca,0.9998302565657602
4area,node-gamma,pca,0.9998361809766582
4area,node-gamma,pca,0.9994849602380241
4area,node-gamma,pca,0.9993560681721151
4area,node-gamma,pca,0.9996485307473472
4area,node-gamma,pca,0.9996611418097011
4area,node-gamma,pca,-0.9994335930760214
4area,node-gamma,pca,0.9996286082692694
4area,node-gamma,pca,0.9996795128780261
4area,node-gamma,pca,0.9967809012560307
4area,node-gamma,pca,0.9994384502670955
4area,node-gamma,pca,0.9991856644232638
4area,node-gamma,pca,0.9991941099814321
4area,node-gamma,pca,0.9997997351820255
4area,node-gamma,pca,0.9998698962297436
4area,node-gamma,pca,0.9999766428128658
4area,node-gamma,pca,-0.9997659005076043
4area,node-gamma,pca,0.9999886672560973
4area,node-gamma,pca,0.9999873788135577
4area,node-gamma,pca,0.996951097279324
4area,node-gamma,pca,0.9989910836648588
4area,node-gamma,pca,0.9998743381526601
4area,node-gamma,pca,0.9998399939389905
4area,node-gamma,pca,0.9997848009822734
4area,node-gamma,pca,0.9996645263151219
4area,node-gamma,pca,-0.9998718265613357
4area,node-gamma,pca,0.9999716350912309
4area,node-gamma,pca,0.9999976796181731
4area,node-gamma,pca,0.9974571289909678
4area,node-gamma,pca,0.9988252945985419
4area,node-gamma,pca,0.9998329652199442
4area,node-gamma,pca,0.9997714644698847
4area,node-gamma,pca,0.9998544593432176
4area,node-gamma,pca,0.999703742136993
4area,node-gamma,pca,-0.999820273009922
4area,node-gamma,pca,-0.9998516160277495
4area,node-gamma,pca,-0.998247571101167
4area,node-gamma,pca,-0.9984454874434334
4area,node-gamma,pca,-0.9997238904300871
4area,node-gamma,pca,-0.999645192999043
4area,node-gamma,pca,-0.9996646774185418
4area,node-gamma,pca,-0.999686436884347
4area,node-gamma,pca,0.9999836232249601
4area,node-gamma,pca,0.9970335303958411
4area,node-gamma,pca,0.9990305265817955
4area,node-gamma,pca,0.9999109145399686
4area,node-gamma,pca,0.9998893678248116
4area,node-gamma,pca,0.9997300925175947
4area,node-gamma,pca,0.9997178096300098
4area,node-gamma,pca,0.9973166829628461
4area,node-gamma,pca,0.9989134331346308
4area,node-gamma,pca,0.9998471364859794
4area,node-gamma,pca,0.9997976724518571
4area,node-gamma,pca,0.9998390761681898
4area,node-gamma,pca,0.9997206911116691
4area,node-gamma,pca,0.9940971438921559
4area,node-gamma,pca,0.9967662357564272
4area,node-gamma,pca,0.9964172803230016
4area,node-gamma,pca,0.9976504762986468
4area,node-gamma,pca,0.997208336561867
4area,node-gamma,pca,0.9986651798906392
4area,node-gamma,pca,0.9988719716678167
4area,node-gamma,pca,0.9986838880944995
4area,node-gamma,pca,0.99942051011856
4area,node-gamma,pca,0.9999817936305051
4area,node-gamma,pca,0.9993800290117019
4area,node-gamma,pca,0.9994062631817605
4area,node-gamma,pca,0.9992781561408678
4area,node-gamma,pca,0.999438128291534
4area,node-gamma,pca,0.9996418380551294
5area,edges-corr,sfa,0.9996888733693209
5area,edges-corr,sfa,0.9956253569105968
5area,edges-corr,sfa,0.9970459878622288
5area,edges-corr,sfa,0.9910265073486216
5area,edges-corr,sfa,0.9977615797793536
5area,edges-corr,sfa,-0.992201037864005
5area,edges-corr,sfa,-0.8841339059104419
5area,edges-corr,sfa,0.995303040566478
5area,edges-corr,sfa,0.9968669501116157
5area,edges-corr,sfa,0.9912209124493808
5area,edges-corr,sfa,0.9978579206629079
5area,edges-corr,sfa,-0.9920218092813333
5area,edges-corr,sfa,-0.8833397575432067
5area,edges-corr,sfa,0.9981330657084132
5area,edges-corr,sfa,0.9956523009958879
5area,edges-corr,sfa,0.9972788009161976
5area,edges-corr,sfa,-0.9926777704930769
5area,edges-corr,sfa,-0.855298839800075
5area,edges-corr,sfa,0.9958406073732758
5area,edges-corr,sfa,0.9981155687872066
5area,edges-corr,sfa,-0.9961493431562431
5area,edges-corr,sfa,-0.8740394470718977
5area,edges-corr,sfa,0.9948191378642499
5area,edges-corr,sfa,-0.9874716470139964
5area,edges-corr,sfa,-0.8313578413478231
5area,edges-corr,sfa,-0.9905512342910829
5area,edges-corr,sfa,-0.8655881285114339
5area,edges-corr,sfa,0.8970113058421714
5area,edges-corr,pca,0.9991862908633227
5area,edges-corr,pca,0.9994966587864937
5area,edges-corr,pca,0.9660088850233015
5area,edges-corr,pca,0.98956639704624
5area,edges-corr,pca,0.9958873025562215
5area,edges-corr,pca,0.9861175579877166
5area,edges-corr,pca,0.9988710712371436
5area,edges-corr,pca,0.9988300170030079
5area,edges-corr,pca,0.9653340318866248
5area,edges-corr,pca,0.9903703881191649
5area,edges-corr,pca,0.9965301622517846
5area,edges-corr,pca,0.9824808703847085
5area,edges-corr,pca,0.9985998697483363
5area,edges-corr,pca,0.9584793236318201
5area,edges-corr,pca,0.9932389973445183
5area,edges-corr,pca,0.9938353575176784
5area,edges-corr,pca,0.9841050905198058
5area,edges-corr,pca,0.9975982087961243
5area,edges-corr,pca,0.9277039593336874
5area,edges-corr,pca,0.9757843753008402
5area,edges-corr,pca,0.9651797472562401
5area,edges-corr,pca,0.9725703017316875
5area,edges-corr,pca,0.9797803169248773
5area,edges-corr,pca,0.9675432955929695
5area,edges-corr,pca,0.9851550020557112
5area,edges-corr,pca,0.9792562568186455
5area,edges-corr,pca,0.9980061643685927
5area,edges-corr,pca,0.9880583080877507
5area,node-gamma,sfa,0.9952977716222142
5area,node-gamma,sfa,-0.9886603931755474
5area,node-gamma,sfa,0.9986567712094437
5area,node-gamma,sfa,0.9974100811565124
5area,node-gamma,sfa,0.9957846491557565
5area,node-gamma,sfa,0.9687427947954259
5area,node-gamma,sfa,0.8475258674178837
5area,node-gamma,sfa,-0.9751932197458852
5area,node-gamma,sfa,0.9957159007863032
5area,node-gamma,sfa,0.9888883742364529
5area,node-gamma,sfa,0.9947295718338451
5area,node-gamma,sfa,0.9839036787035959
5area,node-gamma,sfa,0.8019960963137138
5area,node-gamma,sfa,-0.985964534995475
5area,node-gamma,sfa,-0.9840734067949367
5area,node-gamma,sfa,-0.9890878404507311
5area,node-gamma,sfa,-0.9282516296906597
5area,node-gamma,sfa,-0.892718279251363
5area,node-gamma,sfa,0.9970330541247081
5area,node-gamma,sfa,0.9951960415288003
5area,node-gamma,sfa,0.9658026012143655
5area,node-gamma,sfa,0.851060353681169
5area,node-gamma,sfa,0.9882544506829618
5area,node-gamma,sfa,0.9587346652493601
5area,node-gamma,sfa,0.8659713541240464
5area,node-gamma,sfa,0.9651353110331131
5area,node-gamma,sfa,0.8296065509667929
5area,node-gamma,sfa,0.6983578149642674
5area,node-gamma,pca,0.9985863208232891
5area,node-gamma,pca,-0.9883469123962587
5area,node-gamma,pca,0.9983245916828019
5area,node-gamma,pca,0.9985284879867911
5area,node-gamma,pca,0.9986466407018965
5area,node-gamma,pca,0.9966156753362748
5area,node-gamma,pca,0.9980335269093441
5area,node-gamma,pca,-0.9948035693558247
5area,node-gamma,pca,0.9999081862817867
5area,node-gamma,pca,0.9989457722218545
5area,node-gamma,pca,0.999755210015601
5area,node-gamma,pca,0.999083363016636
5area,node-gamma,pca,0.9995619449738747
5area,node-gamma,pca,-0.9949381917224009
5area,node-gamma,pca,-0.9909989821473654
5area,node-gamma,pca,-0.9932668966689113
5area,node-gamma,pca,-0.9967792097051876
5area,node-gamma,pca,-0.9949902935170448
5area,node-gamma,pca,0.998569560777738
5area,node-gamma,pca,0.9996975364228641
5area,node-gamma,pca,0.9991035372918262
5area,node-gamma,pca,0.9995959385041362
5area,node-gamma,pca,0.999487428029265
5area,node-gamma,pca,0.9961520879121762
5area,node-gamma,pca,0.9985214714155274
5area,node-gamma,pca,0.9980176031749435
5area,node-gamma,pca,0.9992325048950116
5area,node-gamma,pca,0.9984694629675097
