pool,feature,method,subject,n_areas,n_subjects,R2_fitall,abs_r_fitall,R2_loso,abs_r_loso
3area,edges-corr,sfa,766640955,3,15,0.2298699843270759,0.47944758246035185,0.24943705361858018,0.49943673635264374
3area,edges-corr,sfa,767871931,3,15,0.646600221128128,0.8041145572168981,0.6710755173537246,0.8191919905331867
3area,edges-corr,sfa,771990200,3,15,0.7228908500598514,0.8502298807145344,0.7293170568983462,0.8540006187927186
3area,edges-corr,sfa,774875821,3,15,0.03371099188404184,0.18360553336989013,0.030671809921458924,0.17513369156578332
3area,edges-corr,sfa,778240327,3,15,0.10461016791347783,0.32343495159533675,0.05046746508567362,0.22464964964511655
3area,edges-corr,sfa,778998620,3,15,0.4051283798462137,0.6364969598090895,0.4082606451513818,0.6389527722385918
3area,edges-corr,sfa,779839471,3,15,0.16355240957875775,0.404416134172164,0.15291223148782065,0.391039935924479
3area,edges-corr,sfa,781842082,3,15,0.1536490251412252,0.391980898949458,0.15061947890795016,0.38809725444526166
3area,edges-corr,sfa,786091066,3,15,0.2950124312716331,0.5431504683525856,0.3032087948400833,0.5506439819339564
3area,edges-corr,sfa,787025148,3,15,0.1983890132243636,0.44540881583592795,0.19180636266611792,0.43795703289948196
3area,edges-corr,sfa,789848216,3,15,0.8950566172191032,0.9460743190781067,0.8833406531608883,0.9398620394296645
3area,edges-corr,sfa,794812542,3,15,0.035456367752972416,0.18829861325291913,0.041077072294998886,0.20267479442446434
3area,edges-corr,sfa,829720705,3,15,0.2696262950073824,0.5192555199585098,0.23038538622057494,0.4799847770717056
3area,edges-corr,sfa,839068429,3,15,0.03514665419189099,0.18747440943203686,0.03777351425918676,0.19435409504095036
3area,edges-corr,sfa,847657808,3,15,0.2746225528663109,0.5240444187912995,0.26690420596245445,0.516627724732669
3area,edges-corr,pca,766640955,3,15,0.38632857816149074,0.6215533590621892,0.3910395064095962,0.6253315172047513
3area,edges-corr,pca,767871931,3,15,0.7275232394270805,0.852949728546226,0.7276919367425789,0.8530486133524742
3area,edges-corr,pca,771990200,3,15,0.661584823250675,0.8133786469109421,0.66469956017695,0.8152910892294543
3area,edges-corr,pca,774875821,3,15,0.11084467035001905,0.3329334323104531,0.11048856355077086,0.33239820028208766
3area,edges-corr,pca,778240327,3,15,0.5036743885395314,0.7097002103279464,0.48666885591049014,0.6976165536385229
3area,edges-corr,pca,778998620,3,15,0.4461425623542572,0.6679390408968899,0.46891008849476745,0.6847700990075191
3area,edges-corr,pca,779839471,3,15,0.07933879077411526,0.28167142342473306,0.07867847388648903,0.28049683400439485
3area,edges-corr,pca,781842082,3,15,0.5062044755365346,0.7114804814866916,0.5121832233206024,0.7156697725352122
3area,edges-corr,pca,786091066,3,15,0.18685399876029507,0.4322661203012504,0.18858715636410453,0.4342662275195995
3area,edges-corr,pca,787025148,3,15,0.005469339545253522,0.07395498323475926,0.009774992839551359,0.09886856345447403
3area,edges-corr,pca,789848216,3,15,0.3919597652525027,0.6260669015788191,0.3097796733353456,0.5565785419285814
3area,edges-corr,pca,794812542,3,15,0.4672138041036848,0.6835303973516356,0.4674258422153601,0.6836854848651974
3area,edges-corr,pca,829720705,3,15,0.3791847767499907,0.6157798119051896,0.37707810930575864,0.6140668606151602
3area,edges-corr,pca,839068429,3,15,0.1901050549766238,0.43601038402384845,0.1900415947913332,0.4359376042409432
3area,edges-corr,pca,847657808,3,15,0.19843966108402092,0.44546566768273055,0.19534044715306104,0.4419733557049124
3area,edges-cov,sfa,766640955,3,15,0.09664556793282571,0.3108787029257966,0.09822714341970123,0.31341209839395356
3area,edges-cov,sfa,767871931,3,15,0.04294797771885071,0.20723893871290383,0.043947987206677634,0.20963775234121748
3area,edges-cov,sfa,771990200,3,15,0.15502958479278106,0.3937379646322933,0.15787875754328573,0.3973395997673599
3area,edges-cov,sfa,774875821,3,15,0.5002596082420043,0.7072903281128651,0.49981307242521805,0.706974591074685
3area,edges-cov,sfa,778240327,3,15,0.38707344888801243,0.6221522714641589,0.38613409298088797,0.6213968884544627
3area,edges-cov,sfa,778998620,3,15,0.481726382466966,0.6940651139964938,0.4861137137367341,0.6972185552154605
3area,edges-cov,sfa,779839471,3,15,0.3726693507260209,0.6104665025421304,0.3753614060294748,0.6126674514199973
3area,edges-cov,sfa,781842082,3,15,0.574601189615761,0.7580245310118671,0.573163958636181,0.7570759265992949
3area,edges-cov,sfa,786091066,3,15,0.03406856709223837,0.1845767241345408,0.03465009125402747,0.18614534980500444
3area,edges-cov,sfa,787025148,3,15,0.00094196703658372,0.030691481498678425,0.000841374021898779,0.029006447936601596
3area,edges-cov,sfa,789848216,3,15,0.17314799524803856,0.4161105565207864,0.15686121863927524,0.39605709012625345
3area,edges-cov,sfa,794812542,3,15,0.636471588035994,0.7977916946396434,0.6380467768065214,0.7987783026638376
3area,edges-cov,sfa,829720705,3,15,0.4138116646466013,0.6432819480185973,0.41851094817367473,0.6469242213533782
3area,edges-cov,sfa,839068429,3,15,0.1318706056488487,0.36313992571576137,0.13157755464932774,0.36273620531913786
3area,edges-cov,sfa,847657808,3,15,0.3614072258720204,0.601171544462993,0.36101871668416946,0.6008483308491166
3area,edges-cov,pca,766640955,3,15,0.13440617153266746,0.36661447261758157,0.13426497360806194,0.36642185197946636
3area,edges-cov,pca,767871931,3,15,0.03863218268501618,0.19655071275631686,0.03844936678363584,0.19608510087111627
3area,edges-cov,pca,771990200,3,15,0.17733454529924278,0.42111108427497224,0.17701764493093333,0.42073464907341934
3area,edges-cov,pca,774875821,3,15,0.49626977134980016,0.7044641732194762,0.49631631072806454,0.7044972042017374
3area,edges-cov,pca,778240327,3,15,0.38249012179539876,0.618457857735997,0.38242593103372735,0.6184059597333513
3area,edges-cov,pca,778998620,3,15,0.5090746558218843,0.7134946782015156,0.5095038523038621,0.7137953854599104
3area,edges-cov,pca,779839471,3,15,0.3896393665727291,0.6242109952353684,0.38990783010613683,0.6244260005045729
3area,edges-cov,pca,781842082,3,15,0.565607208662878,0.7520686196504133,0.5653061154686808,0.7518684163260755
3area,edges-cov,pca,786091066,3,15,0.00108182214854602,0.03289106487400522,0.0010810022781532697,0.03287859909049152
3area,edges-cov,pca,787025148,3,15,0.006616460841871219,0.08134163043528952,0.006600337867210637,0.08124246344868327
3area,edges-cov,pca,789848216,3,15,0.3218552209889311,0.5673228542804627,0.3210457211086221,0.5666089666680383
3area,edges-cov,pca,794812542,3,15,0.6347019318730718,0.7966818259964713,0.6348787968114888,0.7967928192519614
3area,edges-cov,pca,829720705,3,15,0.403097981812381,0.6348999778015282,0.40359969172524884,0.6352949643474666
3area,edges-cov,pca,839068429,3,15,0.10990139549512154,0.33151379382330615,0.10982437860156179,0.3313976140553245
3area,edges-cov,pca,847657808,3,15,0.37250469711820694,0.6103316288037242,0.37280119643273074,0.6105744806595922
3area,node-var,sfa,766640955,3,15,0.3123505752313239,0.5588833288185683,0.3120664076404684,0.5586290429618463
3area,node-var,sfa,767871931,3,15,0.5374476427000975,0.7331082066789987,0.5327586630880177,0.7299031874762691
3area,node-var,sfa,771990200,3,15,0.5661576864505562,0.7524345064193668,0.5626146853234788,0.7500764529856132
3area,node-var,sfa,774875821,3,15,0.5774846717215797,0.7599241223448429,0.5747260770062379,0.7581069034154998
3area,node-var,sfa,778240327,3,15,0.6930041778533543,0.8324687248499816,0.692067138955504,0.8319057272044135
3area,node-var,sfa,778998620,3,15,0.5889327499478618,0.7674195397224792,0.5919896979727477,0.769408667726552
3area,node-var,sfa,779839471,3,15,0.46183856947644203,0.6795870580554356,0.4672913245803798,0.6835871009464557
3area,node-var,sfa,781842082,3,15,0.66910348150313,0.8179874580353479,0.6693787178006612,0.8181556806627093
3area,node-var,sfa,786091066,3,15,0.02547863675326834,0.1596202892907676,0.02655742231723789,0.16296448176592926
3area,node-var,sfa,787025148,3,15,0.19777979553306493,0.44472440402238433,0.19011448960526942,0.43602120316020115
3area,node-var,sfa,789848216,3,15,0.40228994379378036,0.6342633079358921,0.39231393996996916,0.6263496946354881
3area,node-var,sfa,794812542,3,15,0.6788152838557622,0.8239024722961827,0.680238853088518,0.8247659383658602
3area,node-var,sfa,829720705,3,15,0.426429149404376,0.6530154281518745,0.42627383838784827,0.6528964989857491
3area,node-var,sfa,839068429,3,15,0.1935706439781553,0.43996663961959126,0.19414269882893023,0.44061627163432154
3area,node-var,sfa,847657808,3,15,0.4838642011551233,0.6956034798325288,0.4801017588277651,0.6928937572440418
3area,node-var,pca,766640955,3,15,0.26530275323546726,0.5150754830463854,0.2648542184600283,0.5146398920216235
3area,node-var,pca,767871931,3,15,0.5010502460892279,0.7078490277518419,0.49959047756021685,0.7068171457740798
3area,node-var,pca,771990200,3,15,0.5176038018646569,0.7194468721626753,0.5169877210139557,0.7190185818280052
3area,node-var,pca,774875821,3,15,0.5675493569612942,0.7533587173195079,0.566923218715682,0.7529430381613751
3area,node-var,pca,778240327,3,15,0.66708099020562,0.8167502618338239,0.6668551054763797,0.8166119675074446
3area,node-var,pca,778998620,3,15,0.5576352457514098,0.7467497879152091,0.5569165993451125,0.7462684499194057
3area,node-var,pca,779839471,3,15,0.44460233367431734,0.6667850730740134,0.44605244613845374,0.6678715790767367
3area,node-var,pca,781842082,3,15,0.6505340425208103,0.8065569059408085,0.6507736299431525,0.8067054170781007
3area,node-var,pca,786091066,3,15,0.0649538684838741,0.25486048827520147,0.06492035071144933,0.2547947226915215
3area,node-var,pca,787025148,3,15,0.0837874170940528,0.289460562243033,0.0840779448991539,0.28996197147066355
3area,node-var,pca,789848216,3,15,0.334109887745575,0.5780223938097684,0.33358077256703217,0.5775645180990884
3area,node-var,pca,794812542,3,15,0.6746829358833557,0.8213908545165058,0.6753360871286713,0.8217883469170583
3area,node-var,pca,829720705,3,15,0.4309117824301693,0.6564387118613354,0.430866719754997,0.6564043873672669
3area,node-var,pca,839068429,3,15,0.19895958178438106,0.44604885582678167,0.1989719687503004,0.44606274082274616
3area,node-var,pca,847657808,3,15,0.46054928714582777,0.6786378173560826,0.46056649854390447,0.6786504980797586
3area,node-gamma,sfa,766640955,3,15,0.8640932352539582,0.9295661543182164,0.8633416293332685,0.9291617885671303
3area,node-gamma,sfa,767871931,3,15,0.47280129130946996,0.6876054764975843,0.4724820309656814,0.6873732835699111
3area,node-gamma,sfa,771990200,3,15,0.8289921723203713,0.9104900726094554,0.8278405778296117,0.9098574491807009
3area,node-gamma,sfa,774875821,3,15,0.7572094423541044,0.8701778222605449,0.761952610793562,0.8728989694080077
3area,node-gamma,sfa,778240327,3,15,0.06212621261925841,0.2492513041475579,0.06050307439596184,0.24597372704409273
3area,node-gamma,sfa,778998620,3,15,0.762853550365318,0.8734148787176218,0.7611363122574922,0.8724312650618914
3area,node-gamma,sfa,779839471,3,15,0.5760585339581263,0.7589852000916265,0.5705964429282373,0.7553783442277369
3area,node-gamma,sfa,781842082,3,15,0.7897117702213647,0.8886572850212644,0.792583540496937,0.8902716105194735
3area,node-gamma,sfa,786091066,3,15,0.17933544242431781,0.4234801558801992,0.19368352821643361,0.4400949081918963
3area,node-gamma,sfa,787025148,3,15,0.5398496880829414,0.7347446414115189,0.5341804642148996,0.7308765040791089
3area,node-gamma,sfa,789848216,3,15,0.7906158155121276,0.8891657975384161,0.7890825747844299,0.8883031998053535
3area,node-gamma,sfa,794812542,3,15,0.26396394382512,0.5137742148309119,0.2588503547358375,0.5087733824954265
3area,node-gamma,sfa,829720705,3,15,0.00776216534072952,0.08810315170712975,0.006573242911166495,0.08107553830327921
3area,node-gamma,sfa,839068429,3,15,0.08396118458145814,0.28976056422753277,0.08357652707678877,0.2890960516451042
3area,node-gamma,sfa,847657808,3,15,0.9190301616382821,0.9586606081603031,0.9197221020791213,0.959021429416007
3area,node-gamma,pca,766640955,3,15,0.8846232598194542,0.9405441296502011,0.8844042445795729,0.9404276923717064
3area,node-gamma,pca,767871931,3,15,0.45813699868845187,0.6768581821094075,0.45794633198295936,0.6767173205873774
3area,node-gamma,pca,771990200,3,15,0.8335078332798898,0.9129665017293295,0.8329232294442341,0.9126462783818461
3area,node-gamma,pca,774875821,3,15,0.8088549427026266,0.8993636320769406,0.8092686186990051,0.8995935852922725
3area,node-gamma,pca,778240327,3,15,0.1208301548025036,0.3476063215801801,0.12303618987052424,0.35076514916753665
3area,node-gamma,pca,778998620,3,15,0.7867341166958802,0.8869803361382259,0.787149564961474,0.8872144977182654
3area,node-gamma,pca,779839471,3,15,0.5996281079284113,0.7743565767321998,0.5995128592363804,0.7742821573795824
3area,node-gamma,pca,781842082,3,15,0.830448594410658,0.911289522825023,0.8306191645858204,0.9113831052778082
3area,node-gamma,pca,786091066,3,15,0.20473894052048586,0.45248087309905805,0.22778721146490602,0.47727058516621995
3area,node-gamma,pca,787025148,3,15,0.5007285740304079,0.7076217732874024,0.4962770439542857,0.7044693349992501
3area,node-gamma,pca,789848216,3,15,0.7584025863162621,0.8708631271998271,0.7603171834553554,0.871961686919417
3area,node-gamma,pca,794812542,3,15,0.2652550099361881,0.5150291350362503,0.26670161759453004,0.5164316194759283
3area,node-gamma,pca,829720705,3,15,0.004519258095841002,0.06722542745004305,0.00437916464673317,0.0661752570583082
3area,node-gamma,pca,839068429,3,15,0.09312322607604341,0.3051609838692414,0.09310404999408622,0.3051295626354258
3area,node-gamma,pca,847657808,3,15,0.9352378268834769,0.9670769498253368,0.9352805811292942,0.9670990544557958
4area,edges-corr,sfa,766640955,4,13,0.5889234071919169,0.7674134525742411,0.5888885021100123,0.7673907102057024
4area,edges-corr,sfa,767871931,4,13,0.7592370101015797,0.8713420741026912,0.7576635565344881,0.8704387149791122
4area,edges-corr,sfa,771990200,4,13,0.8756106535505992,0.9357406978167612,0.8745340537298306,0.9351652547704232
4area,edges-corr,sfa,774875821,4,13,0.709018656519898,0.8420324557402156,0.7018954295869652,0.8377919966119067
4area,edges-corr,sfa,778240327,4,13,0.7444939658975269,0.8628406376020585,0.7480969125167136,0.8649259578233929
4area,edges-corr,sfa,778998620,4,13,0.8319470967050137,0.9121113400813596,0.834002943756081,0.9132376162620991
4area,edges-corr,sfa,781842082,4,13,0.8760751504145715,0.9359888623346816,0.8748524063073206,0.9353354512191445
4area,edges-corr,sfa,786091066,4,13,0.06453381165225872,0.25403505988791925,0.07629524857719056,0.2762159455520093
4area,edges-corr,sfa,787025148,4,13,0.6926241832421376,0.8322404599886607,0.6893031527689794,0.8302428275926143
4area,edges-corr,sfa,789848216,4,13,0.9132471863986632,0.9556396739350367,0.9103310844864171,0.9541127210588993
4area,edges-corr,sfa,794812542,4,13,0.7602948827052914,0.871948899136464,0.7565420690842896,0.869794268252148
4area,edges-corr,sfa,829720705,4,13,0.09377126536849789,0.3062209420802207,0.061901869940601435,0.24880086402703958
4area,edges-corr,sfa,847657808,4,13,0.5522068164643545,0.7431061946077119,0.5454507169224578,0.7385463539429721
4area,edges-corr,pca,766640955,4,13,0.23758577602083983,0.4874277136364323,0.23883814045923762,0.4887106919837519
4area,edges-corr,pca,767871931,4,13,0.5919175843733477,0.7693618032976083,0.580621866765381,0.761985476741769
4area,edges-corr,pca,771990200,4,13,0.7246389743639571,0.8512572903440869,0.7192751258585505,0.8481008936786651
4area,edges-corr,pca,774875821,4,13,0.44867116232614385,0.669829203846879,0.44613973525455536,0.6679369246078221
4area,edges-corr,pca,778240327,4,13,0.42189465427391104,0.6495341825292269,0.4244081865915575,0.6514661822317084
4area,edges-corr,pca,778998620,4,13,0.8322504760437394,0.912277631011382,0.8350850840507944,0.9138298988601732
4area,edges-corr,pca,781842082,4,13,0.8215937129636415,0.9064180674300581,0.8220128861624583,0.9066492630353031
4area,edges-corr,pca,786091066,4,13,0.18035627345495645,0.42468373344755794,0.18171037584196886,0.426275000254494
4area,edges-corr,pca,787025148,4,13,0.7779243458443907,0.8820001960568891,0.7903586511957172,0.8890211758983682
4area,edges-corr,pca,789848216,4,13,0.8144299045689075,0.9024577023710904,0.8119367559577013,0.9010753331202122
4area,edges-corr,pca,794812542,4,13,0.7295074340830562,0.8541120734909771,0.7284650134525832,0.8535016188927723
4area,edges-corr,pca,829720705,4,13,0.34923877480792304,0.5909642754075097,0.35144219075197064,0.5928255989344342
4area,edges-corr,pca,847657808,4,13,0.4684047508543532,0.6844010161114266,0.4618856705702608,0.6796217113735117
4area,edges-cov,sfa,766640955,4,13,0.28641338617618045,0.5351760328865451,0.2824979903043314,0.5315054000707156
4area,edges-cov,sfa,767871931,4,13,0.6568492499382222,0.8104623679963322,0.6410784608550321,0.8006737543188437
4area,edges-cov,sfa,771990200,4,13,0.6942405320913327,0.833210976938814,0.6796712038973788,0.8244217390980049
4area,edges-cov,sfa,774875821,4,13,0.5109259339917881,0.7147908323361374,0.5091441449794668,0.713543372878949
4area,edges-cov,sfa,778240327,4,13,0.748302964241277,0.8650450648615232,0.7462893752975942,0.8638804172439576
4area,edges-cov,sfa,778998620,4,13,0.5736665139254741,0.7574077593512454,0.5719686671822789,0.7562861014075817
4area,edges-cov,sfa,781842082,4,13,0.633978274406479,0.7962275267826898,0.6351070206738664,0.7969360204394493
4area,edges-cov,sfa,786091066,4,13,0.018495731972864565,0.13599901460254984,0.022728574065641455,0.15075998827819487
4area,edges-cov,sfa,787025148,4,13,0.7388917157521051,0.8595881081960738,0.7329874159991153,0.8561468425446159
4area,edges-cov,sfa,789848216,4,13,0.5713647907608964,0.755886757894922,0.5538862090437847,0.744235318325988
4area,edges-cov,sfa,794812542,4,13,0.6531973219536631,0.8082062372647609,0.6555161161505202,0.8096394976472678
4area,edges-cov,sfa,829720705,4,13,0.4073784285506719,0.638262037529001,0.4080775038838933,0.6388094425444049
4area,edges-cov,sfa,847657808,4,13,0.4237857253525275,0.6509882682142033,0.41661435678292097,0.6454567040343767
4area,edges-cov,pca,766640955,4,13,0.2872072184419555,0.5359171749831829,0.28705945524505794,0.5357792971411437
4area,edges-cov,pca,767871931,4,13,0.5790354785491953,0.7609438077474547,0.5753879605875876,0.7585433149053438
4area,edges-cov,pca,771990200,4,13,0.5872253286398659,0.7663062890514901,0.5856973738111587,0.765308678776844
4area,edges-cov,pca,774875821,4,13,0.5163773965923946,0.718594041578689,0.5165656694655053,0.718725030498803
4area,edges-cov,pca,778240327,4,13,0.6439296386404545,0.8024522656460349,0.6436185510501795,0.8022584066559724
4area,edges-cov,pca,778998620,4,13,0.5868762687743618,0.7660785003995099,0.5866854080559487,0.7659539203215483
4area,edges-cov,pca,781842082,4,13,0.6092036972062692,0.7805150204872865,0.6092574406393083,0.7805494479142935
4area,edges-cov,pca,786091066,4,13,0.08232268852934571,0.2869193066514446,0.08227513898801533,0.2868364324628504
4area,edges-cov,pca,787025148,4,13,0.5694719906856507,0.7546336797981195,0.568223935410179,0.7538062983354404
4area,edges-cov,pca,789848216,4,13,0.6074275284507742,0.7793763714988889,0.6061343575860528,0.7785463104954341
4area,edges-cov,pca,794812542,4,13,0.6559062570201944,0.8098803967378112,0.656435443123144,0.810207037196755
4area,edges-cov,pca,829720705,4,13,0.4077046239865626,0.6385175205008572,0.40808942042176904,0.6388187696223155
4area,edges-cov,pca,847657808,4,13,0.44571101432224847,0.6676159182660705,0.4469184568225998,0.6685196009262554
4area,node-var,sfa,766640955,4,13,0.369753048240752,0.6080732260515603,0.3675440752036152,0.6062541341744526
4area,node-var,sfa,767871931,4,13,0.6067147455863927,0.778918959575637,0.5990145211215944,0.7739602839433005
4area,node-var,sfa,771990200,4,13,0.6390392522576467,0.799399307141085,0.6348600396099073,0.7967810487266294
4area,node-var,sfa,774875821,4,13,0.5752190484202946,0.7584319669029613,0.5710054645080357,0.7556490352723516
4area,node-var,sfa,778240327,4,13,0.7197606064604839,0.848387061700309,0.7195756279289317,0.8482780369247642
4area,node-var,sfa,778998620,4,13,0.6115256645005713,0.7820010642579531,0.6149861435803319,0.7842105224876366
4area,node-var,sfa,781842082,4,13,0.6738688168064126,0.8208951314305699,0.674922064620814,0.8215364049272643
4area,node-var,sfa,786091066,4,13,0.0007624176813808666,0.02761191194721703,0.0008746277181317508,0.029574105533925296
4area,node-var,sfa,787025148,4,13,0.43387205993432426,0.6586896537325634,0.4107278179691352,0.6408805020978054
4area,node-var,sfa,789848216,4,13,0.49855016629907883,0.7060808496900896,0.49427687547658644,0.703048273930451
4area,node-var,sfa,794812542,4,13,0.6833948460583008,0.8266769901589742,0.6851253831719986,0.8277230111408034
4area,node-var,sfa,829720705,4,13,0.4232734016163498,0.6505946523115217,0.42301999165397497,0.6503998705826862
4area,node-var,sfa,847657808,4,13,0.33501374374032744,0.5788037178010585,0.31068036488215917,0.5573870871146542
4area,node-var,pca,766640955,4,13,0.33053969062373256,0.574925813147864,0.3302220819681569,0.5746495296858398
4area,node-var,pca,767871931,4,13,0.5925132194526823,0.7697488028264041,0.5900914227794154,0.768174083642123
4area,node-var,pca,771990200,4,13,0.6009764401091946,0.7752267023969147,0.6001826700851397,0.7747145733011221
4area,node-var,pca,774875821,4,13,0.5719710841217711,0.7562876993061378,0.5715220679973328,0.7559907856563682
4area,node-var,pca,778240327,4,13,0.7063041803304354,0.8404190504328394,0.7061253541410948,0.840312652612761
4area,node-var,pca,778998620,4,13,0.5829386446572679,0.7635041877142966,0.5823929722209158,0.7631467566732599
4area,node-var,pca,781842082,4,13,0.6598466738055275,0.8123094692329565,0.6603089752310516,0.8125939793224237
4area,node-var,pca,786091066,4,13,0.0019937212779786734,0.04465110612267823,0.0019989889599290656,0.04471005434943091
4area,node-var,pca,787025148,4,13,0.26338100134790454,0.513206587397224,0.26268387162995394,0.5125269472232206
4area,node-var,pca,789848216,4,13,0.4803340294204129,0.6930613460729237,0.4789367590138001,0.6920525695449733
4area,node-var,pca,794812542,4,13,0.6866585892783913,0.8286486524929557,0.6875204369169471,0.8291685214218802
4area,node-var,pca,829720705,4,13,0.4319456965604151,0.6572257576817992,0.4318869005187994,0.6571810256837909
4area,node-var,pca,847657808,4,13,0.3311920689613436,0.5754928921901152,0.32153904535046696,0.5670441299850189
4area,node-gamma,sfa,766640955,4,13,0.8882636316737875,0.9424773905371882,0.8879792908243443,0.9423265308927391
4area,node-gamma,sfa,767871931,4,13,0.5669007704031714,0.7529281309681366,0.5672949580556199,0.7531898552527244
4area,node-gamma,sfa,771990200,4,13,0.8359784271368808,0.9143185588933874,0.8361168879712367,0.9143942738071126
4area,node-gamma,sfa,774875821,4,13,0.8360944291385993,0.9143819930087203,0.8385779629254732,0.9157390255555745
4area,node-gamma,sfa,778240327,4,13,0.018724636722964694,0.13683799444220415,0.017906832431215273,0.13381641316077514
4area,node-gamma,sfa,778998620,4,13,0.8269076742746047,0.9093446399878347,0.8272636387080757,0.9095403447390752
4area,node-gamma,sfa,781842082,4,13,0.847832490792786,0.9207781984782144,0.8497282260913567,0.9218070438499354
4area,node-gamma,sfa,786091066,4,13,0.3062961881319099,0.5534403202983226,0.3177864269310232,0.5637254889846859
4area,node-gamma,sfa,787025148,4,13,0.55212015858241,0.7430478844478396,0.5467095580547565,0.739398105255049
4area,node-gamma,sfa,789848216,4,13,0.8138378504181377,0.9021296195215728,0.8118496837481982,0.9010270161034009
4area,node-gamma,sfa,794812542,4,13,0.5135844255586056,0.7166480485975006,0.5101799352557204,0.7142688116218714
4area,node-gamma,sfa,829720705,4,13,0.09437046252531418,0.3071977580082807,0.09178218570718313,0.30295574876074416
4area,node-gamma,sfa,847657808,4,13,0.9405553215757723,0.9698223144348517,0.9392944259355573,0.9691720311356273
4area,node-gamma,pca,766640955,4,13,0.8946166187376401,0.9458417514244336,0.8946920206978771,0.9458816102969109
4area,node-gamma,pca,767871931,4,13,0.5288835497791183,0.7272438035343569,0.5274160486501241,0.7262341555243214
4area,node-gamma,pca,771990200,4,13,0.8447282985399165,0.9190910175493592,0.8443857123694339,0.9189046263728538
4area,node-gamma,pca,774875821,4,13,0.8437573378106111,0.9185626477331914,0.8441344881449799,0.9187679185436222
4area,node-gamma,pca,778240327,4,13,0.06426702393670505,0.2535094158738587,0.06564214770264863,0.2562072358514658
4area,node-gamma,pca,778998620,4,13,0.8110635656044168,0.9005906759479674,0.8115270692561116,0.9008479723327969
4area,node-gamma,pca,781842082,4,13,0.8501170419835995,0.9220179184720867,0.8503103034698979,0.9221227160578455
4area,node-gamma,pca,786091066,4,13,0.3096687754964013,0.5564789084021077,0.3272385173401309,0.5720476530326218
4area,node-gamma,pca,787025148,4,13,0.5493777006248505,0.7412001758127493,0.5448572540157387,0.7381444669004427
4area,node-gamma,pca,789848216,4,13,0.7935283463447247,0.8908020803437342,0.7950922131366528,0.8916794340662191
4area,node-gamma,pca,794812542,4,13,0.4289580403830764,0.6549488837940534,0.4324220239788149,0.657588035154849
4area,node-gamma,pca,829720705,4,13,0.041284149976359624,0.20318501415301185,0.04045559429412998,0.2011357608535339
4area,node-gamma,pca,847657808,4,13,0.9416865234408331,0.9704053397631492,0.9414728205437692,0.9702952233953176
5area,edges-corr,sfa,766640955,5,8,0.14745503827770903,0.38399874775539183,0.18261155169018703,0.42733072869872935
5area,edges-corr,sfa,774875821,5,8,0.4702436059577712,0.6857431049290771,0.5204291089852892,0.7214077272841546
5area,edges-corr,sfa,778240327,5,8,0.5672644603060194,0.7531696092554581,0.522628503568476,0.7229304970524317
5area,edges-corr,sfa,778998620,5,8,0.04637456316602907,0.21534754042252044,0.044961965111588766,0.21204236631293466
5area,edges-corr,sfa,789848216,5,8,0.868603418832379,0.9319889585356572,0.8352263685948141,0.9139071991153227
5area,edges-corr,sfa,794812542,5,8,0.5852353930802922,0.7650067928327775,0.6147965219713961,0.7840896134826657
5area,edges-corr,sfa,829720705,5,8,0.18489154671014113,0.42999017048083915,0.2033690756473064,0.45096460575892916
5area,edges-corr,sfa,847657808,5,8,0.5556182311694047,0.7453980353941139,0.45214211385423925,0.6724151350573835
5area,edges-corr,pca,766640955,5,8,0.263903608295248,0.5137154935324104,0.2582306081963554,0.5081639579863525
5area,edges-corr,pca,774875821,5,8,0.47819067898227197,0.691513325238402,0.4720021432051381,0.6870241212687791
5area,edges-corr,pca,778240327,5,8,0.5550573474793199,0.7450217094013569,0.5412913553697202,0.7357250541946496
5area,edges-corr,pca,778998620,5,8,0.8319417932226322,0.9121084328206993,0.8317981500671844,0.9120296870536531
5area,edges-corr,pca,789848216,5,8,0.8293324909938756,0.9106769410684975,0.8169983973104306,0.9038796365171806
5area,edges-corr,pca,794812542,5,8,0.7351113340506934,0.857386338852383,0.7335826081843274,0.8564943713675691
5area,edges-corr,pca,829720705,5,8,0.35188526115556423,0.5931991749451142,0.35641869302150125,0.597008118053265
5area,edges-corr,pca,847657808,5,8,0.3853794013394562,0.6207893373274513,0.37271481178807647,0.6105037360967388
5area,edges-cov,sfa,766640955,5,8,0.3632309213030215,0.6026864203738305,0.3548952580140349,0.595730860384146
5area,edges-cov,sfa,774875821,5,8,0.5508774411429549,0.7422111836552686,0.5457652296839163,0.7387592501511682
5area,edges-cov,sfa,778240327,5,8,0.7531284770059166,0.8678297511643148,0.7486381732698676,0.8652387955182474
5area,edges-cov,sfa,778998620,5,8,0.5538826631565579,0.7442329360869202,0.5477453086167489,0.7400981749854196
5area,edges-cov,sfa,789848216,5,8,0.6790163301869502,0.8240244718374268,0.6503361532320376,0.8064342212679455
5area,edges-cov,sfa,794812542,5,8,0.672882098113116,0.8202939095916267,0.674507388717026,0.8212839878610967
5area,edges-cov,sfa,829720705,5,8,0.4097029069054438,0.6400803909708872,0.4056815820790037,0.6369313794114745
5area,edges-cov,sfa,847657808,5,8,0.42130484233112964,0.6490799968656634,0.3994893859384567,0.6320517272648313
5area,edges-cov,pca,766640955,5,8,0.3528537629422302,0.5940149517833959,0.3526026444223261,0.5938035402574879
5area,edges-cov,pca,774875821,5,8,0.5260388574642538,0.7252853627809221,0.5261319082914659,0.7253495076798949
5area,edges-cov,pca,778240327,5,8,0.6957514361238101,0.8341171597106788,0.695608678131075,0.8340315810154163
5area,edges-cov,pca,778998620,5,8,0.5987621627097645,0.773797236173511,0.5983596111900737,0.773537078096502
5area,edges-cov,pca,789848216,5,8,0.6840971540471426,0.8271016588347182,0.6830894239983363,0.8264922407369208
5area,edges-cov,pca,794812542,5,8,0.6672720031895529,0.8168671882194516,0.6676287338727708,0.8170855119709141
5area,edges-cov,pca,829720705,5,8,0.405906404513377,0.6371078437073091,0.40612263811485694,0.6372775204844879
5area,edges-cov,pca,847657808,5,8,0.4615769704811597,0.679394561710027,0.46316187751291527,0.6805599734872124
5area,node-var,sfa,766640955,5,8,0.35881621296014987,0.599012698496576,0.35520439214699223,0.5959902617887244
5area,node-var,sfa,774875821,5,8,0.5744770570162544,0.7579426475771465,0.5688875205803704,0.7542463261961376
5area,node-var,sfa,778240327,5,8,0.7169778117239952,0.8467454232081773,0.7170856643807605,0.846809107403056
5area,node-var,sfa,778998620,5,8,0.5889635544236241,0.7674396096264671,0.5808252958615121,0.7621189512546661
5area,node-var,sfa,789848216,5,8,0.5294533372568007,0.7276354425512824,0.5255232804070594,0.724929845162316
5area,node-var,sfa,794812542,5,8,0.6885883730064868,0.8298122516608722,0.6919636286821945,0.8318435121356628
5area,node-var,sfa,829720705,5,8,0.42339705123947313,0.6506896735306879,0.4223835543850187,0.6499104202773015
5area,node-var,sfa,847657808,5,8,0.5093015231231356,0.7136536436697676,0.47668344650564354,0.6904226578738878
5area,node-var,pca,766640955,5,8,0.36831543056956184,0.6068899657842118,0.36786320554277435,0.6065172755517969
5area,node-var,pca,774875821,5,8,0.5688842660202533,0.7542441687015242,0.568274356986529,0.753839742244019
5area,node-var,pca,778240327,5,8,0.7134111878790095,0.8446367194711638,0.7133072727599976,0.8445752025485934
5area,node-var,pca,778998620,5,8,0.5818837077887572,0.7628130228232586,0.5807260520464919,0.7620538380235952
5area,node-var,pca,789848216,5,8,0.5586392593984134,0.7474217413203963,0.5565820504543717,0.7460442684280684
5area,node-var,pca,794812542,5,8,0.6931877973528524,0.8325790036704339,0.6940941472054186,0.8331231284782692
5area,node-var,pca,829720705,5,8,0.42821884624552936,0.6543843261001362,0.4280920773669803,0.6542874577484886
5area,node-var,pca,847657808,5,8,0.3999345964542356,0.6324038238769873,0.3900587333165457,0.6245468223572559
5area,node-gamma,sfa,766640955,5,8,0.8922044540731564,0.9445657489413621,0.891903429883528,0.944406390217436
5area,node-gamma,sfa,774875821,5,8,0.8359327677613537,0.914293589478431,0.8393456412547754,0.9161580874798713
5area,node-gamma,sfa,778240327,5,8,0.016568903292805623,0.12872025206938348,0.020942462485824247,0.14471510800819742
5area,node-gamma,sfa,778998620,5,8,0.8446580506827023,0.9190528008132625,0.8459251715559285,0.9197419048602322
5area,node-gamma,sfa,789848216,5,8,0.8144413866628966,0.9024640639177255,0.8124422403337165,0.9013557789983467
5area,node-gamma,sfa,794812542,5,8,0.5385922062693108,0.7338884154074861,0.5262968696340447,0.725463210393225
5area,node-gamma,sfa,829720705,5,8,0.09062691459105143,0.301043044415664,0.08568449816273284,0.2927191455349869
5area,node-gamma,sfa,847657808,5,8,0.9432540589011993,0.9712126743927919,0.9433788188733614,0.971276901235359
5area,node-gamma,pca,766640955,5,8,0.9008161668517811,0.9491133582727519,0.9007822499600409,0.9490954904328862
5area,node-gamma,pca,774875821,5,8,0.8542897017137183,0.9242779353169253,0.85434501131231,0.9243078552691792
5area,node-gamma,pca,778240327,5,8,0.03491340491789165,0.1868512909184511,0.04842795390497941,0.22006352243154567
5area,node-gamma,pca,778998620,5,8,0.8434190692205025,0.9183784999772711,0.8436961740347652,0.9185293539320152
5area,node-gamma,pca,789848216,5,8,0.8070587983384003,0.8983645130671627,0.810010465739795,0.900005814281105
5area,node-gamma,pca,794812542,5,8,0.5412358182515811,0.7356873101063937,0.5430268586389312,0.736903561287996
5area,node-gamma,pca,829720705,5,8,0.07054747257010405,0.2656077419242595,0.06554216840405781,0.25601204738070005
5area,node-gamma,pca,847657808,5,8,0.9489425489914606,0.9741368225210771,0.9489154268868841,0.9741229013255381
