subject,window,window_s,method,R2,abs_r
766640955,251,2.008,sfa,0.28812238081108266,0.5367703240782621
766640955,251,2.008,pca,0.11921352516512984,0.3452731167715343
766640955,501,4.008,sfa,0.4321389516746399,0.657372764627982
766640955,501,4.008,pca,0.1864734426052712,0.4318257085969649
766640955,751,6.008,sfa,0.5049420593197868,0.7105927520878538
766640955,751,6.008,pca,0.24018681058756886,0.4900885742267105
766640955,1001,8.008,sfa,0.5523935964400066,0.7432318591395339
766640955,1001,8.008,pca,0.28186643275229695,0.5309109461598016
766640955,1501,12.008,sfa,0.6084250640932932,0.7800160665609981
766640955,1501,12.008,pca,0.3484859271807317,0.5903269663336835
766640955,2001,16.008,sfa,0.6390229099673581,0.7993890854692473
766640955,2001,16.008,pca,0.39235440006953914,0.6263819921338257
766640955,3001,24.008,sfa,0.6538478662355058,0.8086085989126668
766640955,3001,24.008,pca,0.4339939122200722,0.6587821432158508
767871931,251,2.008,sfa,0.5723076791540462,0.7565101976537021
767871931,251,2.008,pca,0.49240058940942677,0.7017126116932949
767871931,501,4.008,sfa,0.6430573607477378,0.801908573808596
767871931,501,4.008,pca,0.6172703430066246,0.7856655414402643
767871931,751,6.008,sfa,0.6822336752974902,0.8259743793226845
767871931,751,6.008,pca,0.6632761643027341,0.8144176841785387
767871931,1001,8.008,sfa,0.7033437242473264,0.8386559033640251
767871931,1001,8.008,pca,0.6880322354515347,0.8294770855494045
767871931,1501,12.008,sfa,0.7283406717498834,0.853428773682893
767871931,1501,12.008,pca,0.7155476261863406,0.8459004824365245
767871931,2001,16.008,sfa,0.7412093172937233,0.8609351411655407
767871931,2001,16.008,pca,0.7309965710503603,0.8549833747216176
767871931,3001,24.008,sfa,0.7563323184574737,0.8696736850436921
767871931,3001,24.008,pca,0.7461370077132139,0.8637922248511015
771160300,251,2.008,sfa,0.6465323729442561,0.8040723679770732
771160300,251,2.008,pca,0.6076354871842081,0.7795097736296897
771160300,501,4.008,sfa,0.7581829718601261,0.8707370279597182
771160300,501,4.008,pca,0.7310262386708675,0.8550007243686221
771160300,751,6.008,sfa,0.805723462403858,0.8976210015389897
771160300,751,6.008,pca,0.7836670820492868,0.8852497286355355
771160300,1001,8.008,sfa,0.8332293907393339,0.9128139956964563
771160300,1001,8.008,pca,0.8168246560314243,0.903783522770481
771160300,1501,12.008,sfa,0.8623685448891139,0.928638005300836
771160300,1501,12.008,pca,0.8586531633211247,0.9266353993460046
771160300,2001,16.008,sfa,0.87760285294053,0.9368045969894312
771160300,2001,16.008,pca,0.8814616915734472,0.9388619129421791
771160300,3001,24.008,sfa,0.8906244732147598,0.9437290253111685
771160300,3001,24.008,pca,0.9015425966608306,0.9494959697970469
771990200,251,2.008,sfa,0.5472260965462462,0.7397473193910518
771990200,251,2.008,pca,0.5606096933508087,0.7487387350410071
771990200,501,4.008,sfa,0.6292553381583298,0.7932561617525143
771990200,501,4.008,pca,0.6791522387104595,0.8241069340264416
771990200,751,6.008,sfa,0.6774956912726172,0.8231012642880701
771990200,751,6.008,pca,0.7341073955219621,0.8568006743239446
771990200,1001,8.008,sfa,0.7115950255755138,0.843560919895841
771990200,1001,8.008,pca,0.7682094976150865,0.8764756115346787
771990200,1501,12.008,sfa,0.7502136071355493,0.8661487211417829
771990200,1501,12.008,pca,0.8065717183628298,0.8980933795340176
771990200,2001,16.008,sfa,0.7669272392920115,0.8757438205845439
771990200,2001,16.008,pca,0.8274032947935519,0.9096171143912981
771990200,3001,24.008,sfa,0.7929790784824359,0.8904937273683817
771990200,3001,24.008,pca,0.8530792418607361,0.9236228894200992
774875821,251,2.008,sfa,0.4872320206764892,0.6980200718292341
774875821,251,2.008,pca,0.17006439571297471,0.4123886464404361
774875821,501,4.008,sfa,0.6059176663005648,0.7784071340247136
774875821,501,4.008,pca,0.26518947402741566,0.5149655076094087
774875821,751,6.008,sfa,0.66352014976637,0.8145674617650587
774875821,751,6.008,pca,0.33147831890413315,0.5757415382827055
774875821,1001,8.008,sfa,0.6941657599990708,0.833166105887098
774875821,1001,8.008,pca,0.3803017567103424,0.6166861087379415
774875821,1501,12.008,sfa,0.7276953224503406,0.8530505978254386
774875821,1501,12.008,pca,0.4458046532147729,0.667686043896958
774875821,2001,16.008,sfa,0.740138230823699,0.8603128679868182
774875821,2001,16.008,pca,0.48548299205168055,0.696766095653112
774875821,3001,24.008,sfa,0.7483936720576847,0.8650974928051058
774875821,3001,24.008,pca,0.5346750601950566,0.7312147839007728
778240327,251,2.008,sfa,0.3927450276260952,0.6266937271315993
778240327,251,2.008,pca,0.1848008923062645,0.42988474304895197
778240327,501,4.008,sfa,0.5503108602346076,0.7418294010314009
778240327,501,4.008,pca,0.30801999618093656,0.5549954920365896
778240327,751,6.008,sfa,0.6429468803069822,0.8018396849164942
778240327,751,6.008,pca,0.40360003636759223,0.6352952355933349
778240327,1001,8.008,sfa,0.6854717857571172,0.8279322350030338
778240327,1001,8.008,pca,0.47088317894295295,0.6862092821748701
778240327,1501,12.008,sfa,0.7288500179440327,0.8537271331895386
778240327,1501,12.008,pca,0.5584317182996978,0.747282890410116
778240327,2001,16.008,sfa,0.7512810817242245,0.8667647210888468
778240327,2001,16.008,pca,0.6165925120859559,0.7852340492400713
778240327,3001,24.008,sfa,0.7927080162214655,0.8903415166223956
778240327,3001,24.008,pca,0.6837125099259707,0.826869100841223
778998620,251,2.008,sfa,0.7016453819777468,0.8376427531935949
778998620,251,2.008,pca,0.5948745544051873,0.7712811124390302
778998620,501,4.008,sfa,0.7620942964303975,0.8729801237315763
778998620,501,4.008,pca,0.6834461530145973,0.8267080216222629
778998620,751,6.008,sfa,0.7907463988110328,0.8892392247370988
778998620,751,6.008,pca,0.7257273851314925,0.8518963464715017
778998620,1001,8.008,sfa,0.8094729115240776,0.8997071254158615
778998620,1001,8.008,pca,0.7511090310037137,0.8666654666038733
778998620,1501,12.008,sfa,0.8324332681917772,0.9123778100062353
778998620,1501,12.008,pca,0.7835496174541682,0.8851833806924791
778998620,2001,16.008,sfa,0.8489266344590637,0.921372147646685
778998620,2001,16.008,pca,0.8062486522909404,0.8979134993366245
778998620,3001,24.008,sfa,0.86933264118227,0.9323800948016149
778998620,3001,24.008,pca,0.8352376466258546,0.9139133693222001
779839471,251,2.008,sfa,0.2976945117021539,0.5456138851808621
779839471,251,2.008,pca,0.282830505749899,0.5318181134089909
779839471,501,4.008,sfa,0.4266539347212369,0.6531875188039313
779839471,501,4.008,pca,0.3807049544528889,0.617012928918742
779839471,751,6.008,sfa,0.4983022604872338,0.7059052772767992
779839471,751,6.008,pca,0.4321948246681008,0.6574152604466255
779839471,1001,8.008,sfa,0.5428707172852474,0.7367976094459371
779839471,1001,8.008,pca,0.46923625135589486,0.685008212619304
779839471,1501,12.008,sfa,0.5944427412837335,0.7710011292363546
779839471,1501,12.008,pca,0.5216355274831703,0.7222433990582185
779839471,2001,16.008,sfa,0.6277271476430035,0.7922923372360743
779839471,2001,16.008,pca,0.5535331517194082,0.7439980858304731
779839471,3001,24.008,sfa,0.6705861723205556,0.8188932606393581
779839471,3001,24.008,pca,0.6054782286293217,0.7781248155850826
781842082,251,2.008,sfa,0.6841267160900298,0.8271195295058811
781842082,251,2.008,pca,0.6168041227205141,0.7853687813508453
781842082,501,4.008,sfa,0.7606075766352633,0.8721281881898231
781842082,501,4.008,pca,0.7084791513267412,0.8417120358690032
781842082,751,6.008,sfa,0.799418439729603,0.8941020298207623
781842082,751,6.008,pca,0.7520210796761349,0.8671914896239102
781842082,1001,8.008,sfa,0.8259498726225959,0.9088178434772262
781842082,1001,8.008,pca,0.7787836255715781,0.8824871815338611
781842082,1501,12.008,sfa,0.8571544389695682,0.9258263546527338
781842082,1501,12.008,pca,0.8073233583206219,0.8985117463453787
781842082,2001,16.008,sfa,0.874547655948638,0.9351725273705597
781842082,2001,16.008,pca,0.8226845696152224,0.9070196081757097
781842082,3001,24.008,sfa,0.8888982368579522,0.9428139990782636
781842082,3001,24.008,pca,0.8353090348608484,0.9139524248344922
787025148,251,2.008,sfa,0.0016162640747218182,0.04020278690242494
787025148,251,2.008,pca,0.47536507571469133,0.6894672404942033
787025148,501,4.008,sfa,0.017264770775272553,0.13139547471383
787025148,501,4.008,pca,0.6088200168793004,0.7802691951367178
787025148,751,6.008,sfa,0.07408410756532935,0.27218395905220005
787025148,751,6.008,pca,0.6771879080799521,0.8229142774797082
787025148,1001,8.008,sfa,0.20635288653580885,0.45426081333944013
787025148,1001,8.008,pca,0.7236827933993677,0.8506954763012277
787025148,1501,12.008,sfa,0.7178812411197959,0.8472787269368909
787025148,1501,12.008,pca,0.7863115391936841,0.8867420928283972
787025148,2001,16.008,sfa,0.8122294621841559,0.9012377389924114
787025148,2001,16.008,pca,0.8211971949729692,0.9061993130503716
787025148,3001,24.008,sfa,0.8472224942012199,0.9204468991751865
787025148,3001,24.008,pca,0.852547539947295,0.923335009596892
789848216,251,2.008,sfa,0.7365624745777202,0.8582321798777532
789848216,251,2.008,pca,0.41695058124419604,0.64571710620379
789848216,501,4.008,sfa,0.8360250679710025,0.9143440643275391
789848216,501,4.008,pca,0.5755420774657877,0.7586448954984062
789848216,751,6.008,sfa,0.8733601600505001,0.934537404307878
789848216,751,6.008,pca,0.6518842970084783,0.8073935205390772
789848216,1001,8.008,sfa,0.8924699082402251,0.9447062550021735
789848216,1001,8.008,pca,0.7017251530347415,0.8376903682356296
789848216,1501,12.008,sfa,0.912479140688129,0.9552377404019033
789848216,1501,12.008,pca,0.7636620327346166,0.8738775845246376
789848216,2001,16.008,sfa,0.9229440607932172,0.9606997766176582
789848216,2001,16.008,pca,0.7982421529894677,0.893443984248296
789848216,3001,24.008,sfa,0.9330348114870335,0.9659372709897038
789848216,3001,24.008,pca,0.8368210169149481,0.9147792175792738
793224716,251,2.008,sfa,0.6814530940000366,0.8255017225905914
793224716,251,2.008,pca,0.6379676745422669,0.7987287865992254
793224716,501,4.008,sfa,0.7931233974913549,0.8905747568235657
793224716,501,4.008,pca,0.7646985704240614,0.8744704514299271
793224716,751,6.008,sfa,0.8412106967307238,0.9171753903865482
793224716,751,6.008,pca,0.8232260039680162,0.9073180280188505
793224716,1001,8.008,sfa,0.8698415653419108,0.9326529715504648
793224716,1001,8.008,pca,0.8562379494932633,0.9253312647334806
793224716,1501,12.008,sfa,0.9038317138581051,0.9507006436613535
793224716,1501,12.008,pca,0.8939327835662829,0.9454801867655855
793224716,2001,16.008,sfa,0.9214297188106163,0.9599113077834913
793224716,2001,16.008,pca,0.9127754521816165,0.9553928261095641
793224716,3001,24.008,sfa,0.9373830257302627,0.9681854294143558
793224716,3001,24.008,pca,0.9303639716817522,0.9645537681652349
794812542,251,2.008,sfa,0.5313171724287284,0.728915065305091
794812542,251,2.008,pca,0.47649051410884524,0.6902829232342662
794812542,501,4.008,sfa,0.6474057256808762,0.8046152656275394
794812542,501,4.008,pca,0.5770123834206387,0.7596133117716138
794812542,751,6.008,sfa,0.6924006510182052,0.8321061536956726
794812542,751,6.008,pca,0.6222663789945375,0.7888386267130545
794812542,1001,8.008,sfa,0.7175841172292761,0.8471033686801605
794812542,1001,8.008,pca,0.6523323880332172,0.8076709652037847
794812542,1501,12.008,sfa,0.7398714518687078,0.8601578063754964
794812542,1501,12.008,pca,0.6875862702418551,0.829208218870179
794812542,2001,16.008,sfa,0.7536323033599446,0.8681199821222546
794812542,2001,16.008,pca,0.7052102776121503,0.8397679903474236
794812542,3001,24.008,sfa,0.7708327730828453,0.8779708270112648
794812542,3001,24.008,pca,0.7289684824896498,0.8537965111720983
816200189,251,2.008,sfa,0.3027211890803613,0.5502010442377976
816200189,251,2.008,pca,0.25045361119995124,0.5004534056232927
816200189,501,4.008,sfa,0.4201103015067251,0.6481591637142274
816200189,501,4.008,pca,0.3556566141860259,0.5963695282172188
816200189,751,6.008,sfa,0.493328723636717,0.7023736353513848
816200189,751,6.008,pca,0.4192805835534763,0.6475187901161449
816200189,1001,8.008,sfa,0.5443527904233689,0.7378026771592571
816200189,1001,8.008,pca,0.4665174599180738,0.6830208341757017
816200189,1501,12.008,sfa,0.6144491882919092,0.7838680936815238
816200189,1501,12.008,pca,0.5339459047885495,0.7307160219870272
816200189,2001,16.008,sfa,0.653502835083911,0.808395222081321
816200189,2001,16.008,pca,0.5808454636542011,0.7621321825341072
816200189,3001,24.008,sfa,0.707088002065319,0.8408852490472892
816200189,3001,24.008,pca,0.6414137829867952,0.8008831269210267
847657808,251,2.008,sfa,0.38036710422519204,0.616739089263193
847657808,251,2.008,pca,0.2458481137208448,0.4958307309161502
847657808,501,4.008,sfa,0.4478684436642769,0.6692297390764086
847657808,501,4.008,pca,0.2972089111638542,0.5451686997286737
847657808,751,6.008,sfa,0.5082762075806392,0.712934925207512
847657808,751,6.008,pca,0.35603909561703484,0.5966901169091323
847657808,1001,8.008,sfa,0.5500582624112841,0.7416591281790349
847657808,1001,8.008,pca,0.3985725761520328,0.6313260458368836
847657808,1501,12.008,sfa,0.6085344929108985,0.7800862086403654
847657808,1501,12.008,pca,0.45642726730775773,0.6755940107103948
847657808,2001,16.008,sfa,0.6437308172535354,0.8023283724595166
847657808,2001,16.008,pca,0.4995508691044709,0.7067891263343472
847657808,3001,24.008,sfa,0.6825129962465752,0.8261434477417184
847657808,3001,24.008,pca,0.5602114629058456,0.748472753616221
