,n,median_r
VISpxVISl,10.0,-0.6346511559648138
VISpxVISrl,16.0,-0.010551908960351027
VISpxVISal,16.0,-0.6684915628425756
VISpxVISam,18.0,0.1484280856357313
VISlxVISrl,10.0,-0.22094440950543284
VISlxVISal,9.0,-0.48163724914601563
VISlxVISam,10.0,-0.738716415125801
VISrlxVISal,15.0,-0.6565743088778154
VISrlxVISam,15.0,-0.29742795952514206
VISalxVISam,15.0,-0.8332562643843187
VISpxVISpm,12.0,0.1539992457899953
VISrlxVISpm,9.0,0.08352374378465247
VISalxVISpm,9.0,-0.7911258998608557
VISamxVISpm,12.0,0.2367436051591864
VISlxVISpm,6.0,-0.7428510787665441
