subject,R2_corr,R2_nodevar
766640955,0.6084250640932932,0.3888667344829413
767871931,0.7283406717498834,0.6680852930428232
771160300,0.8623685448891139,0.45837879567501516
771990200,0.7502136071355493,0.49587619733721666
774875821,0.7276953224503406,0.51757432478718
778240327,0.7288500179440327,0.6991212190010696
778998620,0.8324332681917772,0.5053563210100949
779839471,0.5944427412837335,0.34946388458746624
781842082,0.8571544389695682,0.575811503073884
786091066,0.2111144550585855,0.6053863646267059
787025148,0.7178812411197959,0.6919489258481131
789848216,0.912479140688129,0.733146654562248
793224716,0.9038317138581051,0.5790753773308184
794812542,0.7398714518687078,0.5890910504303162
816200189,0.6144491882919092,0.33772508265001877
829720705,0.3325886831293856,0.3822880080609762
831882777,0.03373275922804264,0.2699268039348629
835479236,0.1370643903613672,0.0012224836562025887
839068429,0.03188710671676598,0.17642469631274704
847657808,0.6085344929108985,0.5019399916975362
