xi,alpha_requested,gamma_requested,seed,alpha_effective,gamma_effective,g_min,g_max,rho_max_realised,R2_edges-cov,R2_edges-corr,R2_node-var
0.0,0.0,0.1,0,0.0,0.1,0.9,1.1,0.7599999999999991,0.23733122653115468,0.07981405868182423,0.8987697136255232
0.0,0.0,0.1,1,0.0,0.1,0.9,1.1,0.759999999999999,0.5510217122549348,0.06266863105847686,0.861605137236383
0.0,0.0,0.1,2,0.0,0.1,0.9,1.1,0.7600000000000002,0.34521742091480956,0.015532083666583318,0.7917482747870841
0.0,0.0,0.1,3,0.0,0.1,0.9,1.1,0.7599999999999998,0.19743651644487337,0.016444240389567488,0.9179870826963888
0.0,0.0,0.1,4,0.0,0.1,0.9,1.1,0.76,0.12953206646405546,0.01296404862965772,0.8680154249292731
0.0,0.0,0.1,5,0.0,0.1,0.9,1.1,0.76,0.46760416404268035,0.002014036106785966,0.8967721222047176
0.0,0.0,0.1,6,0.0,0.1,0.9,1.1,0.76,0.31018840703597994,0.008074872328778127,0.7869916026971466
0.0,0.0,0.1,7,0.0,0.1,0.9,1.1,0.7599999999999997,0.5999519151553829,0.014195325577305185,0.8829589536236528
0.05,0.045000000000000005,0.095,0,0.041704516834020364,0.095,0.905,1.095,0.7599999999999998,0.56766230946248,0.34051182313099126,0.9111773626230386
0.05,0.045000000000000005,0.095,1,0.041343203670219604,0.095,0.905,1.095,0.7599999999999989,0.7636188768256789,0.683983810587713,0.876903845857979
0.05,0.045000000000000005,0.095,2,0.041448274374133925,0.095,0.905,1.095,0.7599999999999986,0.6927651071362058,0.515933091496661,0.8504714156051865
0.05,0.045000000000000005,0.095,3,0.04210987208870023,0.095,0.905,1.095,0.7599999999999998,0.47197086425675494,0.46417990584693125,0.9281079045815386
0.05,0.045000000000000005,0.095,4,0.04224351268169498,0.095,0.905,1.095,0.7600000000000001,0.32285168264329933,0.12809651841938907,0.82626647068083
0.05,0.045000000000000005,0.095,5,0.03856681875497834,0.095,0.905,1.095,0.7600000000000001,0.7664927154023332,0.5609322583516436,0.9339203836321721
0.05,0.045000000000000005,0.095,6,0.042612707115003895,0.095,0.905,1.095,0.7600000000000003,0.38865344453493533,0.009440644062549963,0.811862107489323
0.05,0.045000000000000005,0.095,7,0.04229391921335117,0.095,0.905,1.095,0.76,0.6604302864446434,0.5038446396280325,0.8768930932077698
0.1,0.09000000000000001,0.09000000000000001,0,0.08093359871366208,0.09000000000000001,0.91,1.09,0.7600000000000001,0.7547427981287429,0.6754780726002099,0.919443861672021
0.1,0.09000000000000001,0.09000000000000001,1,0.08022914710012505,0.09000000000000001,0.91,1.09,0.7600000000000007,0.8694032040959041,0.9014872063813937,0.8915015477119071
0.1,0.09000000000000001,0.09000000000000001,2,0.0803013763545914,0.09000000000000001,0.91,1.09,0.7599999999999998,0.8538444136404589,0.8007970873554141,0.8801968742260551
0.1,0.09000000000000001,0.09000000000000001,3,0.08268807955130912,0.09000000000000001,0.91,1.09,0.7599999999999986,0.7369132915280001,0.7335235793197388,0.9321137826939839
0.1,0.09000000000000001,0.09000000000000001,4,0.08092643392049005,0.09000000000000001,0.91,1.09,0.7599999999999998,0.8230487051869873,0.8143023967098519,0.8010253541033427
0.1,0.09000000000000001,0.09000000000000001,5,0.07026964434397581,0.09000000000000001,0.91,1.09,0.7600000000000002,0.8179405670668987,0.7649761414438535,0.9392568008782402
0.1,0.09000000000000001,0.09000000000000001,6,0.08451905701680479,0.09000000000000001,0.91,1.09,0.7599999999999998,0.5186706151668612,0.20265707857771853,0.8352880406604559
0.1,0.09000000000000001,0.09000000000000001,7,0.08373334642811449,0.09000000000000001,0.91,1.09,0.76,0.7981537116857012,0.7946923751220177,0.8786603027271283
0.15000000000000002,0.13500000000000004,0.085,0,0.11731457251214447,0.085,0.915,1.085,0.7600000000000003,0.8352758336661894,0.8146145134673858,0.9228893042397366
0.15000000000000002,0.13500000000000004,0.085,1,0.10760486297723088,0.085,0.915,1.085,0.76,0.8837004363110896,0.9245377068426472,0.9003654000749396
0.15000000000000002,0.13500000000000004,0.085,2,0.11662387664278623,0.085,0.915,1.085,0.7600000000000016,0.8993538015884935,0.8806840823287287,0.8922259586773935
0.15000000000000002,0.13500000000000004,0.085,3,0.12134451769326832,0.085,0.915,1.085,0.76,0.8284763208504965,0.8388624831728049,0.9278605567730889
0.15000000000000002,0.13500000000000004,0.085,4,0.11298778248000504,0.085,0.915,1.085,0.7600000000000005,0.8784668539442496,0.8607434517098603,0.7916112873775931
0.15000000000000002,0.13500000000000004,0.085,5,0.09680352820078493,0.085,0.915,1.085,0.7599999999999997,0.8330948922721035,0.8279665497654232,0.9375659997623124
0.15000000000000002,0.13500000000000004,0.085,6,0.12514941734793325,0.085,0.915,1.085,0.7599999999999997,0.6577404086573817,0.6216940080742519,0.8535993246752029
0.15000000000000002,0.13500000000000004,0.085,7,0.12436968166154472,0.085,0.915,1.085,0.7599999999999996,0.8694278816995289,0.8830755697509358,0.8860448128922674
0.2,0.18000000000000002,0.08000000000000002,0,0.15071600630492726,0.08000000000000002,0.9199999999999999,1.08,0.7599999999999996,0.8729473421855707,0.8739689995509572,0.9222956121814775
0.2,0.18000000000000002,0.08000000000000002,1,0.1270534123675427,0.08000000000000002,0.9199999999999999,1.08,0.7599999999999991,0.8922253531305046,0.9285574387647716,0.9058751896221522
0.2,0.18000000000000002,0.08000000000000002,2,0.15053021148218537,0.08000000000000002,0.9199999999999999,1.08,0.7600000000000007,0.9191093461457792,0.9155595116006234,0.8938054889188161
0.2,0.18000000000000002,0.08000000000000002,3,0.1576925992457596,0.08000000000000002,0.9199999999999999,1.08,0.7600000000000012,0.8693590891883849,0.8878692400814315,0.9150151347843569
0.2,0.18000000000000002,0.08000000000000002,4,0.13800580203448373,0.08000000000000002,0.9199999999999999,1.08,0.7599999999999998,0.8774298648758494,0.8672661962642978,0.7841371095675749
0.2,0.18000000000000002,0.08000000000000002,5,0.11934539631900805,0.08000000000000002,0.9199999999999999,1.08,0.7599999999999993,0.8375650812045928,0.8535263125433699,0.933280931983681
0.2,0.18000000000000002,0.08000000000000002,6,0.16435892955490067,0.08000000000000002,0.9199999999999999,1.08,0.7600000000000008,0.761669907143365,0.7988197223208513,0.8655665189446659
0.2,0.18000000000000002,0.08000000000000002,7,0.15929538793266082,0.08000000000000002,0.9199999999999999,1.08,0.7599999999999991,0.8973736825023819,0.9158725301426163,0.8957856257017773
0.25,0.225,0.07500000000000001,0,0.18118561303022365,0.07500000000000001,0.925,1.075,0.76,0.8929237906353097,0.9042312287552765,0.9187095431906084
0.25,0.225,0.07500000000000001,1,0.1450627997706493,0.07500000000000001,0.925,1.075,0.76,0.8987881393132562,0.9342482557999716,0.9011896932618925
0.25,0.225,0.07500000000000001,2,0.18216327444179767,0.07500000000000001,0.925,1.075,0.7599999999999998,0.9296887675286616,0.9343360700344608,0.8889035547286499
0.25,0.225,0.07500000000000001,3,0.19137781728361195,0.07500000000000001,0.925,1.075,0.7600000000000005,0.886020815744843,0.9130691532607946,0.8944546672126161
0.25,0.225,0.07500000000000001,4,0.1573598739654171,0.07500000000000001,0.925,1.075,0.7600000000000005,0.8649963453446892,0.8621479951036555,0.7718915836588125
0.25,0.225,0.07500000000000001,5,0.1387380549796498,0.07500000000000001,0.925,1.075,0.7599999999999992,0.8377057974850977,0.8648437373349314,0.927651182076847
0.25,0.225,0.07500000000000001,6,0.2025468844209697,0.07500000000000001,0.925,1.075,0.7599999999999995,0.8261316804501633,0.8701935725089114,0.8715802313218151
0.25,0.225,0.07500000000000001,7,0.18551928132727338,0.07500000000000001,0.925,1.075,0.7599999999999978,0.9124868931745096,0.9295747151499592,0.9037005342375065
0.30000000000000004,0.2700000000000001,0.06999999999999999,0,0.2088825054191944,0.06999999999999999,0.93,1.07,0.7600000000000001,0.9049347665588596,0.9216916510766253,0.9130729497890321
0.30000000000000004,0.2700000000000001,0.06999999999999999,1,0.16096371322451042,0.06999999999999999,0.93,1.07,0.7600000000000011,0.9033722901559674,0.9380009240223562,0.8919991689518976
0.30000000000000004,0.2700000000000001,0.06999999999999999,2,0.21167841003774115,0.06999999999999999,0.93,1.07,0.7599999999999983,0.9358516710966196,0.9457979619582749,0.8797583009721393
0.30000000000000004,0.2700000000000001,0.06999999999999999,3,0.22117621532175713,0.06999999999999999,0.93,1.07,0.7599999999999993,0.8886720066297661,0.9254112102980465,0.8681535964552344
0.30000000000000004,0.2700000000000001,0.06999999999999999,4,0.17258886117259914,0.06999999999999999,0.93,1.07,0.7600000000000018,0.8495691825873831,0.8525803576939455,0.7545175986994266
0.30000000000000004,0.2700000000000001,0.06999999999999999,5,0.15560125578271816,0.06999999999999999,0.93,1.07,0.7600000000000003,0.8356935748192905,0.8693631361786675,0.921079996658973
0.30000000000000004,0.2700000000000001,0.06999999999999999,6,0.24039642722810003,0.06999999999999999,0.93,1.07,0.7599999999999981,0.864297972060621,0.9081751305247219,0.8722698976294244
0.30000000000000004,0.2700000000000001,0.06999999999999999,7,0.20823934049813347,0.06999999999999999,0.93,1.07,0.7600000000000005,0.9238408745975504,0.9385727706498371,0.9084456364403086
0.35000000000000003,0.31500000000000006,0.06499999999999999,0,0.23402216269282564,0.06499999999999999,0.935,1.065,0.7599999999999999,0.9131548556064629,0.9326824622018419,0.9062045722411527
0.35000000000000003,0.31500000000000006,0.06499999999999999,1,0.17500521207455896,0.06499999999999999,0.935,1.065,0.76,0.9065920814213314,0.940243304436231,0.8795490407698954
0.35000000000000003,0.31500000000000006,0.06499999999999999,2,0.2392325717995149,0.06499999999999999,0.935,1.065,0.7599999999999993,0.9394367468551097,0.9533777998172889,0.8677286934767194
0.35000000000000003,0.31500000000000006,0.06499999999999999,3,0.23725914221894084,0.06499999999999999,0.935,1.065,0.7599999999999979,0.8835709330004131,0.9231869991922975,0.8482477800169123
0.35000000000000003,0.31500000000000006,0.06499999999999999,4,0.18484664681796778,0.06499999999999999,0.935,1.065,0.7599999999999985,0.8331897493193193,0.8408408453783899,0.7334622789832352
0.35000000000000003,0.31500000000000006,0.06499999999999999,5,0.17040122163205398,0.06499999999999999,0.935,1.065,0.7600000000000009,0.8324349344555628,0.8700943535813055,0.9136782742860743
0.35000000000000003,0.31500000000000006,0.06499999999999999,6,0.2786245618203172,0.06499999999999999,0.935,1.065,0.7600000000000003,0.8866564560055497,0.9322630004560583,0.8679682395332845
0.35000000000000003,0.31500000000000006,0.06499999999999999,7,0.22805867151601275,0.06499999999999999,0.935,1.065,0.7600000000000008,0.9328441759304748,0.9450888572506101,0.9119849178206275
0.4,0.36000000000000004,0.06,0,0.256839325644991,0.06,0.94,1.06,0.7600000000000006,0.9195360604487027,0.9400731452495115,0.8988936373067397
0.4,0.36000000000000004,0.06,1,0.1874676491863805,0.06,0.94,1.06,0.7600000000000008,0.9088612128507856,0.9414247846384983,0.86416766485592
0.4,0.36000000000000004,0.06,2,0.264977539804051,0.06,0.94,1.06,0.7599999999999995,0.9412932204118978,0.9586549221576032,0.8536981952587144
0.4,0.36000000000000004,0.06,3,0.2507531017857592,0.06,0.94,1.06,0.7599999999999986,0.878706606909188,0.9204107876446066,0.8270078090796195
0.4,0.36000000000000004,0.06,4,0.1949244353407883,0.06,0.94,1.06,0.7600000000000009,0.8164448066571894,0.8278214533445081,0.7108712521544807
0.4,0.36000000000000004,0.06,5,0.18349564333209528,0.06,0.94,1.06,0.7599999999999998,0.8283621757486305,0.8684585284084596,0.9054359339076521
0.4,0.36000000000000004,0.06,6,0.3179119249041976,0.06,0.94,1.06,0.7600651835092512,0.8989061852736883,0.949172447360156,0.858752535819246
0.4,0.36000000000000004,0.06,7,0.2454538201325049,0.06,0.94,1.06,0.7600000000000002,0.9400372935948959,0.9500600206831603,0.9154003372094213
0.45,0.405,0.05500000000000001,0,0.2775661523615985,0.05500000000000001,0.945,1.055,0.7599999999999999,0.9250128356982344,0.9453029132333867,0.8920324419138577
0.45,0.405,0.05500000000000001,1,0.19859186087115457,0.05500000000000001,0.945,1.055,0.7599999999999998,0.9104383676568157,0.9418443767718283,0.8458235817807445
0.45,0.405,0.05500000000000001,2,0.2890560381780909,0.05500000000000001,0.945,1.055,0.7599999999999996,0.941865133874964,0.9624428907269446,0.838267397242101
0.45,0.405,0.05500000000000001,3,0.26219726720398945,0.05500000000000001,0.945,1.055,0.7599999999999999,0.8738778379244727,0.9171352974857722,0.80387909737595
0.45,0.405,0.05500000000000001,4,0.20336246809901373,0.05500000000000001,0.945,1.055,0.7600000000000005,0.7995615370132532,0.8139506435758672,0.6907766180466257
0.45,0.405,0.05500000000000001,5,0.19516367875125823,0.05500000000000001,0.945,1.055,0.7600000000000006,0.8237030629487374,0.8652064453130215,0.89628291809707
0.45,0.405,0.05500000000000001,6,0.35892683552446414,0.05500000000000001,0.945,1.055,0.7627767169343512,0.9037271911015726,0.9617342861366475,0.8446347688821865
0.45,0.405,0.05500000000000001,7,0.26080603323062856,0.05500000000000001,0.945,1.055,0.7599999999999997,0.9457204030250004,0.9539457015918053,0.9193810159782533
0.5,0.45,0.05,0,0.296420870157845,0.05,0.95,1.05,0.7599999999999999,0.9299641958146119,0.9491333105331672,0.8867936025214618
0.5,0.45,0.05,1,0.20857610762350434,0.05,0.95,1.05,0.7600000000000006,0.9114903154807942,0.9416949421214452,0.8242989995752104
0.5,0.45,0.05,2,0.3115998067993066,0.05,0.95,1.05,0.7600000000000001,0.941408122775931,0.9651964035938703,0.8218545317132299
0.5,0.45,0.05,3,0.271996764885546,0.05,0.95,1.05,0.759999999999999,0.8690174646710175,0.9134280003883477,0.7783478305392345
0.5,0.45,0.05,4,0.21053713867267743,0.05,0.95,1.05,0.7599999999999993,0.78267350948751,0.7994748919037944,0.6850158419671573
0.5,0.45,0.05,5,0.20562648621429466,0.05,0.95,1.05,0.7599999999999999,0.8185868339452986,0.860770278604995,0.886112178455694
0.5,0.45,0.05,6,0.3970781433554691,0.05,0.95,1.05,0.7599999999999983,0.9036210451097069,0.9700866966885524,0.8278532754585024
0.5,0.45,0.05,7,0.27442374829656285,0.05,0.95,1.05,0.7600000000000013,0.9500807872961028,0.9569954693164454,0.9243789799221722
0.55,0.49500000000000005,0.045,0,0.31360282801148803,0.045,0.955,1.045,0.759999999999999,0.934381292466162,0.951963256858587,0.8848989919024545
0.55,0.49500000000000005,0.045,1,0.21758271001238993,0.045,0.955,1.045,0.7599999999999996,0.9121295590969208,0.9411037443496696,0.799262296910885
0.55,0.49500000000000005,0.045,2,0.33272893327934383,0.045,0.955,1.045,0.7600000000000006,0.9400819800349944,0.967185752436762,0.8047562676314545
0.55,0.49500000000000005,0.045,3,0.2804607577894928,0.045,0.955,1.045,0.7600000000000013,0.8641082707610754,0.9093481454614173,0.7498621609766737
0.55,0.49500000000000005,0.045,4,0.21671745390446906,0.045,0.955,1.045,0.7600000000000009,0.7658878480615654,0.7845582492674132,0.7426180420575883
0.55,0.49500000000000005,0.045,5,0.21506161008648025,0.045,0.955,1.045,0.7599999999999988,0.8130908093648074,0.855416338312812,0.8747878519301121
0.55,0.49500000000000005,0.045,6,0.43266376280375246,0.045,0.955,1.045,0.7600000000000006,0.9000245108400453,0.9761535356887363,0.8086657701168772
0.55,0.49500000000000005,0.045,7,0.2865589811123983,0.045,0.955,1.045,0.7599999999999991,0.9532335303960228,0.9593534304109808,0.9305953312563895
0.6000000000000001,0.5400000000000001,0.039999999999999994,0,0.32929114526127534,0.039999999999999994,0.96,1.04,0.7599999999999998,0.9379034515757649,0.953971292147061,0.8890166803377669
0.6000000000000001,0.5400000000000001,0.039999999999999994,1,0.22574512895235124,0.039999999999999994,0.96,1.04,0.7600000000000008,0.9124353086494044,0.9401574531322281,0.7703089360500806
0.6000000000000001,0.5400000000000001,0.039999999999999994,2,0.352551964259607,0.039999999999999994,0.96,1.04,0.7599999999999999,0.9379944030660287,0.96857967599521,0.7871897548540812
0.6000000000000001,0.5400000000000001,0.039999999999999994,3,0.2878285066873621,0.039999999999999994,0.96,1.04,0.76,0.8591508234982336,0.9049414893322714,0.7177929806565415
0.6000000000000001,0.5400000000000001,0.039999999999999994,4,0.2221005122248361,0.039999999999999994,0.96,1.04,0.7600000000000008,0.7493013955754604,0.7693223399586192,0.4579372432669033
0.6000000000000001,0.5400000000000001,0.039999999999999994,5,0.22361326987397925,0.039999999999999994,0.96,1.04,0.7599999999999989,0.8072628029725263,0.8493181487765127,0.8621470425574803
0.6000000000000001,0.5400000000000001,0.039999999999999994,6,0.4676538030213722,0.039999999999999994,0.96,1.04,0.7600000000000002,0.8927758288268238,0.980917419049358,0.7865167946192951
0.6000000000000001,0.5400000000000001,0.039999999999999994,7,0.29741945751073123,0.039999999999999994,0.96,1.04,0.7599999999999993,0.9552412381937605,0.9611043023785398,0.9378149791471967
0.65,0.5850000000000001,0.034999999999999996,0,0.3334467226828589,0.034999999999999996,0.965,1.035,0.760000000000001,0.9359244964312305,0.9498249292695988,0.894099895764787
0.65,0.5850000000000001,0.034999999999999996,1,0.23317387347646845,0.034999999999999996,0.965,1.035,0.7600000000000016,0.9124654056390002,0.9389168954728331,0.73699559548817
0.65,0.5850000000000001,0.034999999999999996,2,0.37116647454939683,0.034999999999999996,0.965,1.035,0.7599999999999999,0.935223047095231,0.9694877732032392,0.7693233762115382
0.65,0.5850000000000001,0.034999999999999996,3,0.2942875425811799,0.034999999999999996,0.965,1.035,0.7600000000000005,0.8541515689745935,0.9002412651508639,0.681403997603987
0.65,0.5850000000000001,0.034999999999999996,4,0.22683402271572484,0.034999999999999996,0.965,1.035,0.7599999999999999,0.7330033949887886,0.7538642306584984,0.3549743730554672
0.65,0.5850000000000001,0.034999999999999996,5,0.23139985635793459,0.034999999999999996,0.965,1.035,0.7600000000000003,0.8011327237910525,0.8425942353308531,0.8479985248336517
0.65,0.5850000000000001,0.034999999999999996,6,0.48140021116815823,0.034999999999999996,0.965,1.035,0.7599999999999983,0.8905288209665012,0.9823852467623833,0.7692029493913621
0.65,0.5850000000000001,0.034999999999999996,7,0.3071777371897356,0.034999999999999996,0.965,1.035,0.7599999999999999,0.956127293255214,0.9622964744091279,0.9450500547624048
0.7000000000000001,0.6300000000000001,0.029999999999999995,0,0.33666587722486296,0.029999999999999995,0.97,1.03,0.7600000000000005,0.9321427465973835,0.9453373326379764,0.9019546161952293
0.7000000000000001,0.6300000000000001,0.029999999999999995,1,0.23996115214355554,0.029999999999999995,0.97,1.03,0.7599999999999989,0.9122633849240571,0.9374258950835164,0.6988789313056254
0.7000000000000001,0.6300000000000001,0.029999999999999995,2,0.3632708621099843,0.029999999999999995,0.97,1.03,0.760000000000001,0.9395164326575147,0.9620152514437569,0.7774856922556681
0.7000000000000001,0.6300000000000001,0.029999999999999995,3,0.2999865596057411,0.029999999999999995,0.97,1.03,0.7599999999999999,0.8491186419834953,0.8952705663106191,0.6398249804811893
0.7000000000000001,0.6300000000000001,0.029999999999999995,4,0.23103091958336605,0.029999999999999995,0.97,1.03,0.7599999999999993,0.7170748641932638,0.7382651437766758,0.35390212902133855
0.7000000000000001,0.6300000000000001,0.029999999999999995,5,0.2385194838843789,0.029999999999999995,0.97,1.03,0.7599999999999993,0.7947189684294016,0.8353289530246453,0.8321197528458794
0.7000000000000001,0.6300000000000001,0.029999999999999995,6,0.4917285329314373,0.029999999999999995,0.97,1.03,0.7599999999999995,0.8868755139987416,0.982919042878067,0.7499584682606546
0.7000000000000001,0.6300000000000001,0.029999999999999995,7,0.31597817557040564,0.029999999999999995,0.97,1.03,0.7599999999999998,0.955886621975521,0.9629550824939515,0.9499947296664726
0.75,0.675,0.025,0,0.33933016854013603,0.025,0.975,1.025,0.7600000000000013,0.9266524464583066,0.9406032633729154,0.9011382264722697
0.75,0.675,0.025,1,0.2461844836352011,0.025,0.975,1.025,0.7599999999999998,0.9118628463238894,0.9357167312263304,0.6555639025429364
0.75,0.675,0.025,2,0.3673599887379101,0.025,0.975,1.025,0.7599999999999997,0.9392569275620759,0.9586420388982562,0.7699557276069087
0.75,0.675,0.025,3,0.3050447087876428,0.025,0.975,1.025,0.7600000000000009,0.8440606219012199,0.8900446079434088,0.5920329276851195
0.75,0.675,0.025,4,0.23477908615461718,0.025,0.975,1.025,0.7599999999999987,0.7015875157974982,0.7225950306822178,0.37369658965728014
0.75,0.675,0.025,5,0.2450541644715117,0.025,0.975,1.025,0.7600000000000012,0.7880321338506578,0.82758460092494,0.8142527723900177
0.75,0.675,0.025,6,0.5009633019229017,0.025,0.975,1.025,0.7599999999999998,0.8813389363260339,0.9827186811232248,0.7283577067128075
0.75,0.675,0.025,7,0.3239423049194136,0.025,0.975,1.025,0.7600000000000006,0.9544950908013832,0.9630901349736453,0.9485937969807409
0.8,0.7200000000000001,0.019999999999999997,0,0.3415880248980595,0.019999999999999997,0.98,1.02,0.7600000000000002,0.9192552083906471,0.9356034935710448,0.7822686048367448
0.8,0.7200000000000001,0.019999999999999997,1,0.2519095004182768,0.019999999999999997,0.98,1.02,0.7599999999999999,0.9112902758306949,0.9338136207316817,0.6067596518540586
0.8,0.7200000000000001,0.019999999999999997,2,0.3729919074398899,0.019999999999999997,0.98,1.02,0.7600000000000003,0.9385194049852147,0.9560879823742655,0.7596206128678962
0.8,0.7200000000000001,0.019999999999999997,3,0.3095583957646536,0.019999999999999997,0.98,1.02,0.7599999999999993,0.8389864078902239,0.8845724964869554,0.5368611053406237
0.8,0.7200000000000001,0.019999999999999997,4,0.2381479843554016,0.019999999999999997,0.98,1.02,0.7599999999999996,0.6866029849224249,0.7069151335599382,0.4010259631521049
0.8,0.7200000000000001,0.019999999999999997,5,0.25107298828587543,0.019999999999999997,0.98,1.02,0.7599999999999996,0.7810772721227309,0.8194087972336568,0.794099286947267
0.8,0.7200000000000001,0.019999999999999997,6,0.5094722846738043,0.019999999999999997,0.98,1.02,0.7600000000000003,0.8740922090151843,0.9818522636781682,0.7047423857354683
0.8,0.7200000000000001,0.019999999999999997,7,0.3311730411239044,0.019999999999999997,0.98,1.02,0.7600000000000002,0.9519178718825638,0.9627017722998357,0.935693371367587
0.8500000000000001,0.7650000000000001,0.014999999999999993,0,0.34353820592018597,0.014999999999999993,0.985,1.015,0.7599999999999993,0.9095263044647218,0.9302953354276212,0.5222794605022388
0.8500000000000001,0.7650000000000001,0.014999999999999993,1,0.257192138499127,0.014999999999999993,0.985,1.015,0.7599999999999985,0.9105669350716129,0.9317350080290425,0.5523293329065136
0.8500000000000001,0.7650000000000001,0.014999999999999993,2,0.37896937293153865,0.014999999999999993,0.985,1.015,0.7599999999999997,0.9376117633269648,0.9538647507853988,0.7479582272953522
0.8500000000000001,0.7650000000000001,0.014999999999999993,3,0.3136063198405734,0.014999999999999993,0.985,1.015,0.7599999999999996,0.833905511745971,0.8788585012711694,0.4730891091879531
0.8500000000000001,0.7650000000000001,0.014999999999999993,4,0.24119327791945985,0.014999999999999993,0.985,1.015,0.7599999999999997,0.672172509693093,0.6912795135907839,0.43163878315397897
0.8500000000000001,0.7650000000000001,0.014999999999999993,5,0.25663457677429996,0.014999999999999993,0.985,1.015,0.7599999999999992,0.7738553114994204,0.8108391489048449,0.7713149459246593
0.8500000000000001,0.7650000000000001,0.014999999999999993,6,0.517431853999407,0.014999999999999993,0.985,1.015,0.7600000000000002,0.8651198009903576,0.9803345965074822,0.6795181096037737
0.8500000000000001,0.7650000000000001,0.014999999999999993,7,0.33775800547780704,0.014999999999999993,0.985,1.015,0.7599999999999996,0.9481169469482128,0.9617836617121917,0.9078548667888982
0.9,0.81,0.009999999999999998,0,0.34524865125396204,0.009999999999999998,0.99,1.01,0.7599999999999989,0.896816143218555,0.9246114814383178,0.38741079927668254
0.9,0.81,0.009999999999999998,1,0.2620803611510823,0.009999999999999998,0.99,1.01,0.7599999999999998,0.9097101682046858,0.9294951133662848,0.4923003914991434
0.9,0.81,0.009999999999999998,2,0.3849210324941993,0.009999999999999998,0.99,1.01,0.76,0.9366171790270567,0.9517879855962279,0.7355684873241812
0.9,0.81,0.009999999999999998,3,0.3172532556745757,0.009999999999999998,0.99,1.01,0.7600000000000009,0.8288285068632051,0.8729029123711026,0.39973859826286573
0.9,0.81,0.009999999999999998,4,0.24396012371209158,0.009999999999999998,0.99,1.01,0.7600000000000012,0.6583370270821918,0.6757360251120603,0.46355913006339644
0.9,0.81,0.009999999999999998,5,0.2617889959619481,0.009999999999999998,0.99,1.01,0.7599999999999991,0.7663639792727026,0.8019063103197687,0.7455027731495324
0.9,0.81,0.009999999999999998,6,0.5133864857639493,0.009999999999999998,0.99,1.01,0.7599999999999997,0.86508303625969,0.9778328501998453,0.6577187157849129
0.9,0.81,0.009999999999999998,7,0.3437721710890894,0.009999999999999998,0.99,1.01,0.7599999999999993,0.9430578731516711,0.9603251243420909,0.8668510574917089
0.9500000000000001,0.8550000000000001,0.004999999999999994,0,0.3467675903036517,0.004999999999999994,0.995,1.005,0.7600000000000009,0.8802658899349369,0.9184510601963962,0.33736205259111474
0.9500000000000001,0.8550000000000001,0.004999999999999994,1,0.26661552727480115,0.004999999999999994,0.995,1.005,0.76,0.9087343313349928,0.9271050053958881,0.4267696128252063
0.9500000000000001,0.8550000000000001,0.004999999999999994,2,0.3907000804311789,0.004999999999999994,0.995,1.005,0.7600000000000011,0.9355686644049789,0.9497664345899549,0.7228642723622427
0.9500000000000001,0.8550000000000001,0.004999999999999994,3,0.3205529237990028,0.004999999999999994,0.995,1.005,0.7599999999999998,0.8237675480002353,0.8667025733447642,0.316823869026332
0.9500000000000001,0.8550000000000001,0.004999999999999994,4,0.2464855590558614,0.004999999999999994,0.995,1.005,0.7599999999999995,0.6451275993916242,0.6603269840594096,0.4956381819595642
0.9500000000000001,0.8550000000000001,0.004999999999999994,5,0.26657926399181525,0.004999999999999994,0.995,1.005,0.7599999999999989,0.7585984147265323,0.7926360466358225,0.7162054484785438
0.9500000000000001,0.8550000000000001,0.004999999999999994,6,0.47516894550188843,0.004999999999999994,0.995,1.005,0.760000000000001,0.8948519454268993,0.9741134138178055,0.636702791589489
0.9500000000000001,0.8550000000000001,0.004999999999999994,7,0.34867670324634503,0.004999999999999994,0.995,1.005,0.7599999999999999,0.9367386384598798,0.9580476183354891,0.8198454455057212
1.0,0.9,0.0,0,0.3481302603419293,0.0,1.0,1.0,0.7600000000000005,0.8588751958357469,0.9116613775055964,0.3217429879387488
1.0,0.9,0.0,1,0.27083348679078445,0.0,1.0,1.0,0.76,0.9076514695131084,0.9245733603871836,0.3555855509133691
1.0,0.9,0.0,2,0.396245353795348,0.0,1.0,1.0,0.76,0.9344826351598063,0.9477485762734368,0.7102487079468228
1.0,0.9,0.0,3,0.3235501925496093,0.0,1.0,1.0,0.7600000000000007,0.8187369490482669,0.8602511590532762,0.22689631212583805
1.0,0.9,0.0,4,0.2488002628398818,0.0,1.0,1.0,0.7599999999999999,0.6325660817773399,0.6450896646858747,0.5271268026891143
1.0,0.9,0.0,5,0.2710425501273234,0.0,1.0,1.0,0.7600000000000006,0.7505515821325108,0.7830506616403872,0.6828958244252084
1.0,0.9,0.0,6,0.4572530972152852,0.0,1.0,1.0,0.7600000000000011,0.9064603355852873,0.9705698606979875,0.5997016117205878
1.0,0.9,0.0,7,0.346060500630045,0.0,1.0,1.0,0.759999999999998,0.9296904042491891,0.9519534147171395,0.777645076523011
